seq,command,target,start,end,duration,z_p50,speed_p50,speed_p95
1,SEARCH,,0.0004951953887939453,15.044874668121338,15.044379472732544,1.6277662515640259,0.191369114299897,0.45746469181091565
2,SEARCH,,15.044874668121338,19.246256828308105,4.201382160186768,1.6599572896957397,0.40750774872058926,0.6120987810119042
3,SEARCH,,19.246256828308105,23.62811851501465,4.381861686706543,1.5905437469482422,0.6453110305631409,0.7138056493347102
4,APPROACH,bridge,23.62811851501465,57.470210313797,33.84209179878235,0.5784730017185211,0.06225477311682068,0.32285483181208957
5,RESUME,,57.470210313797,61.269691705703735,3.7994813919067383,1.3310315012931824,0.6137138157522105,0.7242475403624409
6,APPROACH,red_cross,61.269691705703735,99.07212114334106,37.80242943763733,1.0470802783966064,0.03944438906370039,0.21272350350989433
7,RESUME,,99.07212114334106,101.81150364875793,2.73938250541687,1.4930661916732788,0.2461293269160858,0.3497075104998013
8,SEARCH,,101.81150364875793,108.59378862380981,6.78228497505188,1.6408478021621704,0.27447313195433765,0.7174503052213184
9,SEARCH,,108.59378862380981,116.54314947128296,7.9493608474731445,1.6345743536949158,0.4300952967348884,0.7593709428355132
10,SEARCH,,116.54314947128296,121.60667514801025,5.063525676727295,1.5836515426635742,0.4377045848469897,0.573823236197959
11,SEARCH,,121.60667514801025,129.06905126571655,7.462376117706299,1.5959749221801758,0.6504072602937098,0.7349345359527988
12,RETURN_HOME,,129.06905126571655,135.44523239135742,6.376181125640869,1.6722601652145386,0.2859481024199054,0.37552646211928264
13,LAND,,135.44523239135742,155.25444507598877,19.809212684631348,-0.06763073056936264,0.003689430547377653,0.04230876134686814
