seq,name,start,end,duration,z_min,z_max,z_p50,xy_p50,xy_p95
1,SEARCH,0.0027222633361816406,10.694026470184326,10.691304206848145,-0.013340267352759838,1.7113442420959473,0.1667630523443222,0.0681289188284182,0.364683098347175
2,SEARCH,10.694026470184326,14.484050035476685,3.7900235652923584,1.6774348020553589,1.8225361108779907,1.7345802783966064,0.46463889384515833,0.7003678661494602
3,SEARCH,14.484050035476685,19.89361047744751,5.409560441970825,1.800615668296814,1.9668614864349365,1.8259870409965515,0.5021640352526672,0.6050211549656277
4,APPROACH red_cross,19.89361047744751,66.0210964679718,46.12748599052429,0.09004625678062439,1.9677833318710327,1.0383366346359253,0.03809406476370569,0.16979445861698086
5,RESUME,66.0210964679718,71.13940286636353,5.118306398391724,0.9137765765190125,1.876348614692688,1.4576917886734009,0.6401517778782364,0.7152844696524232
6,APPROACH bridge,71.13940286636353,96.59580779075623,25.4564049243927,-0.025074461475014687,1.884878396987915,1.0404438376426697,0.07104833571330924,0.31882825818179944
7,RESUME,96.59580779075623,100.98771333694458,4.3919055461883545,0.9256440997123718,1.7568222284317017,1.6334750056266785,0.3015019556989704,0.5400482616203514
8,SEARCH,100.98771333694458,107.40808486938477,6.4203715324401855,1.7568273544311523,1.887211561203003,1.8223387598991394,0.6635222242474178,0.7517104319681374
9,SEARCH,107.40808486938477,116.11587333679199,8.707788467407227,1.4875693321228027,1.88774573802948,1.6810058951377869,0.43410637726181445,0.7425817409784801
10,SEARCH,116.11587333679199,122.82478713989258,6.708913803100586,1.755086898803711,1.8426399230957031,1.7646992206573486,0.603658248766644,0.6818430411632208
11,SEARCH,122.82478713989258,130.13508939743042,7.310302257537842,1.7604914903640747,1.8002663850784302,1.7874314785003662,0.6812327276343206,0.7445496388447743
12,RETURN_HOME,130.13508939743042,136.09953093528748,5.964441537857056,1.7692853212356567,1.7864482402801514,1.7823758721351624,0.2992346301018129,0.32629346412359406
13,LAND,136.09953093528748,141.67902851104736,5.579497575759888,-0.02511327899992466,1.7811552286148071,0.8484469652175903,0.013620105685222195,0.05053366550485345
