scope,stream,phase,align_mode,class_name,same_class_instance,n,median_same_class_m,p95_same_class_m,median_nearest_any_m,suspected_confusion_n,first_source_ros_s,last_source_ros_s
all_associations,hint_bbox,HIGH_SURVEY,disabled,bridge,random_bridge,9,0.12057846352025912,0.16639979544508962,0.12057846352025912,0,45.331,45.748
all_associations,hint_bbox,HIGH_SURVEY,disabled,panzer,random_panzer,15,2.582787073230136,2.677941313684083,0.1654352297339844,15,54.779,56.394
all_associations,hint_bbox,HIGH_SURVEY,disabled,pillbox,random_pillbox,6,0.24576347986200736,0.3202056657546809,0.24576347986200736,0,54.513,56.239
all_associations,hint_bbox,HIGH_SURVEY,disabled,red_cross,random_red_cross,4,0.13357358097997374,0.13458178937957632,0.13357358097997374,0,16.465,16.631
all_associations,hint_bbox,HIGH_SURVEY,disabled,tent,random_tent,3,2.824279467130547,2.8373930819442674,0.35428939956505073,3,54.368,54.456
all_associations,hint_vision,HIGH_SURVEY,disabled,bridge,random_bridge,19,0.11169258917088323,0.12018387926397578,0.11169258917088323,0,45.79,48.118
all_associations,hint_vision,HIGH_SURVEY,disabled,panzer,random_panzer,2,2.5848881245765347,2.585950720054266,0.17659854495366048,2,56.394,56.514
all_associations,hint_vision,HIGH_SURVEY,disabled,red_cross,random_red_cross,51,0.13240052278862594,0.1535513404469429,0.13240052278862594,0,16.7,51.307
all_associations,hint_vision,REACQUIRE,disabled,bridge,random_bridge,1,0.10824118819154706,0.10824118819154706,0.10824118819154706,0,105.994,105.994
all_associations,hint_vision,REACQUIRE,disabled,pillbox,random_pillbox,4,0.15447134038663518,0.15475777046486597,0.15447134038663518,0,65.606,65.747
all_associations,hint_vision,REACQUIRE,disabled,red_cross,random_red_cross,3,0.1328584298432009,0.1330303182630239,0.1328584298432009,0,82.671,82.787
all_associations,mapped,DELIVERY,disabled,bridge,random_bridge,33,0.0758445352600515,0.07884792089921006,0.0758445352600515,0,106.129,114.011
all_associations,mapped,DELIVERY,disabled,red_cross,random_red_cross,17,0.0970795630938827,0.10023291634187982,0.0970795630938827,0,82.958,83.831
all_associations,mapped,DELIVERY,drop_circle,bridge,random_bridge,77,0.09183196223418975,0.11635490357373666,0.09183196223418975,0,107.74,113.872
all_associations,mapped,DELIVERY,drop_cross,red_cross,random_red_cross,107,0.10398302925371967,0.12233143702777491,0.10398302925371967,0,83.89,93.105
all_associations,mapped,DESCEND,disabled,panzer,random_panzer,4,2.557347945656827,2.5615724751549256,0.1550191873194837,4,56.612,57.09
all_associations,mapped,DESCEND,disabled,pillbox,random_pillbox,21,0.1539304800174189,0.19510430340420912,0.1539304800174189,0,57.124,58.583
all_associations,mapped,HIGH_SURVEY,disabled,bridge,random_bridge,55,0.12379534356832333,0.17910605164833596,0.12379534356832333,0,45.424,48.181
all_associations,mapped,HIGH_SURVEY,disabled,panzer,random_panzer,20,2.5793535993902728,2.6005518389616764,0.17005152646419386,20,55.075,56.578
all_associations,mapped,HIGH_SURVEY,disabled,pillbox,random_pillbox,4,0.16954805205824142,0.18552837977067696,0.16954805205824142,0,55.183,56.239
all_associations,mapped,HIGH_SURVEY,disabled,red_cross,random_red_cross,147,0.12938038133271307,0.2518771511253052,0.12938038133271307,0,16.326,51.406
all_associations,mapped,LANDING,landing,landing_pad,landing_h_clone,64,0.041859668071347444,0.04670658002193463,0.041859668071347444,0,390.603,394.073
all_associations,mapped,LOW_COVERAGE,disabled,bridge,random_bridge,39,0.0879486333614269,0.1424961052019607,0.0879486333614269,0,114.083,116.022
all_associations,mapped,LOW_COVERAGE,disabled,panzer,random_panzer,72,0.08193211937544241,0.09367502662196704,0.08193211937544241,0,304.301,319.114
all_associations,mapped,LOW_COVERAGE,disabled,red_cross,random_red_cross,108,0.06553736203455619,0.07371626431388782,0.06553736203455619,0,247.96,253.72
all_associations,mapped,LOW_COVERAGE,disabled,tent,random_tent,6,0.06331123975753619,0.06788680923597484,0.06331123975753619,0,127.794,128.094
all_associations,mapped,LOW_COVERAGE,drop_circle,panzer,random_panzer,157,0.08798045859058773,0.29812382027070566,0.08798045859058773,0,307.687,318.67
all_associations,mapped,REACQUIRE,disabled,bridge,random_bridge,3,0.07486161499907477,0.07489632308091307,0.07486161499907477,0,105.994,106.094
all_associations,mapped,REACQUIRE,disabled,pillbox,random_pillbox,4,0.1258155564339551,0.1266110173950679,0.1258155564339551,0,65.606,65.747
all_associations,mapped,REACQUIRE,disabled,red_cross,random_red_cross,5,0.09653692711769704,0.09816206827623149,0.09653692711769704,0,82.671,82.866
all_associations,mapped,REVISIT,disabled,bridge,random_bridge,34,0.07562004249035374,0.09093426390176405,0.07562004249035374,0,104.098,105.93
all_associations,mapped,REVISIT,disabled,pillbox,random_pillbox,219,0.1186837919001637,0.1960827583047371,0.1186837919001637,0,59.92,72.365
all_associations,mapped,REVISIT,disabled,red_cross,random_red_cross,65,0.0957565777672307,0.1466854687860478,0.0957565777672307,0,81.178,101.377
all_associations,mapped,SURVEY_BELOW_HIGH_OR_NO_POSE,disabled,red_cross,random_red_cross,36,0.11661452252049773,0.12234487855590481,0.11661452252049773,0,14.356,16.232
all_associations,mapped,TAIL,disabled,bridge,random_bridge,13,0.06451784742694769,0.06880629326346906,0.06451784742694769,0,328.147,328.8
all_associations,mapped,TAIL,disabled,panzer,random_panzer,26,0.0667684509266454,0.07912586498676469,0.0667684509266454,0,319.176,320.604
all_associations,selected,DELIVERY,disabled,bridge,random_bridge,29,0.10256055712958288,0.1065949407356993,0.10256055712958288,0,106.129,114.011
all_associations,selected,DELIVERY,disabled,red_cross,random_red_cross,16,0.13081360233985928,0.13199761898017848,0.13081360233985928,0,82.958,83.786
all_associations,selected,DELIVERY,drop_circle,bridge,random_bridge,68,0.09814133132118702,0.09896416973443732,0.09814133132118702,0,107.839,113.772
all_associations,selected,DELIVERY,drop_cross,red_cross,random_red_cross,94,0.1268600851487492,0.1287878361020402,0.1268600851487492,0,83.992,92.931
all_associations,selected,DESCEND,disabled,pillbox,random_pillbox,18,0.16223096810572496,0.16567336593162021,0.16223096810572496,0,57.348,58.583
all_associations,selected,HIGH_SURVEY,disabled,bridge,random_bridge,53,0.11366905082484118,0.12744199521790095,0.11366905082484118,0,45.523,48.181
all_associations,selected,HIGH_SURVEY,disabled,panzer,random_panzer,6,2.5785651678665853,2.5901902937759456,0.17310375239339065,6,55.721000000000004,56.578
all_associations,selected,HIGH_SURVEY,disabled,red_cross,random_red_cross,125,0.13510777361043758,0.15390384408683053,0.13510777361043758,0,16.326,51.36
all_associations,selected,LOW_COVERAGE,disabled,bridge,random_bridge,39,0.09390916345645439,0.09543565979692206,0.09390916345645439,0,114.083,116.022
all_associations,selected,LOW_COVERAGE,disabled,panzer,random_panzer,67,0.07328278975716158,0.07966612596582248,0.07328278975716158,0,304.42,319.114
all_associations,selected,LOW_COVERAGE,disabled,red_cross,random_red_cross,106,0.10988232081576227,0.11562801399641723,0.10988232081576227,0,248.037,253.72
all_associations,selected,LOW_COVERAGE,disabled,tent,random_tent,4,0.06028640953263234,0.061787226977228146,0.06028640953263234,0,127.96,128.094
all_associations,selected,LOW_COVERAGE,drop_circle,panzer,random_panzer,144,0.08322774278738432,0.08499127317266139,0.08322774278738432,0,307.822,318.621
all_associations,selected,REACQUIRE,disabled,bridge,random_bridge,3,0.1078600993648532,0.10820307930887767,0.1078600993648532,0,105.994,106.094
all_associations,selected,REACQUIRE,disabled,pillbox,random_pillbox,4,0.15447134038663518,0.15475777046486597,0.15447134038663518,0,65.606,65.747
all_associations,selected,REACQUIRE,disabled,red_cross,random_red_cross,5,0.1326682174699283,0.1330112195497102,0.1326682174699283,0,82.671,82.866
all_associations,selected,REVISIT,disabled,bridge,random_bridge,32,0.11592786886775411,0.12582623631470136,0.11592786886775411,0,104.199,105.93
all_associations,selected,REVISIT,disabled,pillbox,random_pillbox,217,0.15112735086326656,0.17638834301754833,0.15112735086326656,0,59.991,72.365
all_associations,selected,REVISIT,disabled,red_cross,random_red_cross,44,0.13439752738286284,0.13982899683570882,0.13439752738286284,0,81.268,101.377
all_associations,selected,SURVEY_BELOW_HIGH_OR_NO_POSE,disabled,red_cross,random_red_cross,31,0.1143914250445514,0.11779307090424047,0.1143914250445514,0,14.476,16.101
all_associations,selected,TAIL,disabled,bridge,random_bridge,11,0.09399374719993898,0.09462826833288154,0.09399374719993898,0,328.249,328.8
all_associations,selected,TAIL,disabled,panzer,random_panzer,26,0.07405061311455087,0.0746170168531034,0.07405061311455087,0,319.176,320.604
all_associations,targets,DELIVERY,disabled,bridge,random_bridge,31,0.1022957949935027,0.10655758390717694,0.1022957949935027,0,106.129,114.011
all_associations,targets,DELIVERY,disabled,red_cross,random_red_cross,16,0.13081360233985928,0.13199761898017848,0.13081360233985928,0,82.958,83.786
all_associations,targets,DELIVERY,drop_circle,bridge,random_bridge,75,0.09806250907448179,0.09896846591952421,0.09806250907448179,0,107.74,113.772
all_associations,targets,DELIVERY,drop_cross,red_cross,random_red_cross,100,0.12678860654957153,0.12895298133768104,0.12678860654957153,0,83.89,92.931
all_associations,targets,DESCEND,disabled,pillbox,random_pillbox,19,0.162450592913459,0.16651223946708044,0.162450592913459,0,57.31,58.583
all_associations,targets,HIGH_SURVEY,disabled,bridge,random_bridge,55,0.11341065541222874,0.12736929211961098,0.11341065541222874,0,45.424,48.181
all_associations,targets,HIGH_SURVEY,disabled,panzer,random_panzer,11,2.583210632363307,2.602349882636197,0.1755508822040848,11,55.075,56.578
all_associations,targets,HIGH_SURVEY,disabled,red_cross,random_red_cross,129,0.13510777361043758,0.15451139801696748,0.13510777361043758,0,16.326,51.36
all_associations,targets,LANDING,landing,landing_pad,landing_h_clone,64,0.044652258440406434,0.046610472405240695,0.044652258440406434,0,390.603,394.073
all_associations,targets,LOW_COVERAGE,disabled,bridge,random_bridge,39,0.09390916345645439,0.09543565979692206,0.09390916345645439,0,114.083,116.022
all_associations,targets,LOW_COVERAGE,disabled,panzer,random_panzer,71,0.07328278975716158,0.07961856703924533,0.07328278975716158,0,304.301,319.114
all_associations,targets,LOW_COVERAGE,disabled,red_cross,random_red_cross,108,0.11000826628916402,0.1158877265978603,0.11000826628916402,0,247.96,253.72
all_associations,targets,LOW_COVERAGE,disabled,tent,random_tent,6,0.05907813817217902,0.06172198537148724,0.05907813817217902,0,127.794,128.094
all_associations,targets,LOW_COVERAGE,drop_circle,panzer,random_panzer,156,0.08312011161465027,0.08498218544169446,0.08312011161465027,0,307.687,318.621
all_associations,targets,REACQUIRE,disabled,bridge,random_bridge,3,0.1078600993648532,0.10820307930887767,0.1078600993648532,0,105.994,106.094
all_associations,targets,REACQUIRE,disabled,pillbox,random_pillbox,4,0.15447134038663518,0.15475777046486597,0.15447134038663518,0,65.606,65.747
all_associations,targets,REACQUIRE,disabled,red_cross,random_red_cross,5,0.1326682174699283,0.1330112195497102,0.1326682174699283,0,82.671,82.866
all_associations,targets,REVISIT,disabled,bridge,random_bridge,34,0.11648208421700229,0.12752203617662075,0.11648208421700229,0,104.098,105.93
all_associations,targets,REVISIT,disabled,pillbox,random_pillbox,219,0.15136697890047715,0.17636778131513056,0.15136697890047715,0,59.92,72.365
all_associations,targets,REVISIT,disabled,red_cross,random_red_cross,50,0.1341748373518658,0.1403953802159622,0.1341748373518658,0,81.178,101.377
all_associations,targets,SURVEY_BELOW_HIGH_OR_NO_POSE,disabled,red_cross,random_red_cross,33,0.11478486738094108,0.11778891026957507,0.11478486738094108,0,14.356,16.101
all_associations,targets,TAIL,disabled,bridge,random_bridge,13,0.09415653315893431,0.09491850802088982,0.09415653315893431,0,328.147,328.8
all_associations,targets,TAIL,disabled,panzer,random_panzer,26,0.07405061311455087,0.0746170168531034,0.07405061311455087,0,319.176,320.604
nearest_class_agrees,hint_bbox,HIGH_SURVEY,disabled,bridge,random_bridge,9,0.12057846352025912,0.16639979544508962,0.12057846352025912,0,45.331,45.748
nearest_class_agrees,hint_bbox,HIGH_SURVEY,disabled,pillbox,random_pillbox,6,0.24576347986200736,0.3202056657546809,0.24576347986200736,0,54.513,56.239
nearest_class_agrees,hint_bbox,HIGH_SURVEY,disabled,red_cross,random_red_cross,4,0.13357358097997374,0.13458178937957632,0.13357358097997374,0,16.465,16.631
nearest_class_agrees,hint_vision,HIGH_SURVEY,disabled,bridge,random_bridge,19,0.11169258917088323,0.12018387926397578,0.11169258917088323,0,45.79,48.118
nearest_class_agrees,hint_vision,HIGH_SURVEY,disabled,red_cross,random_red_cross,51,0.13240052278862594,0.1535513404469429,0.13240052278862594,0,16.7,51.307
nearest_class_agrees,hint_vision,REACQUIRE,disabled,bridge,random_bridge,1,0.10824118819154706,0.10824118819154706,0.10824118819154706,0,105.994,105.994
nearest_class_agrees,hint_vision,REACQUIRE,disabled,pillbox,random_pillbox,4,0.15447134038663518,0.15475777046486597,0.15447134038663518,0,65.606,65.747
nearest_class_agrees,hint_vision,REACQUIRE,disabled,red_cross,random_red_cross,3,0.1328584298432009,0.1330303182630239,0.1328584298432009,0,82.671,82.787
nearest_class_agrees,mapped,DELIVERY,disabled,bridge,random_bridge,33,0.0758445352600515,0.07884792089921006,0.0758445352600515,0,106.129,114.011
nearest_class_agrees,mapped,DELIVERY,disabled,red_cross,random_red_cross,17,0.0970795630938827,0.10023291634187982,0.0970795630938827,0,82.958,83.831
nearest_class_agrees,mapped,DELIVERY,drop_circle,bridge,random_bridge,77,0.09183196223418975,0.11635490357373666,0.09183196223418975,0,107.74,113.872
nearest_class_agrees,mapped,DELIVERY,drop_cross,red_cross,random_red_cross,107,0.10398302925371967,0.12233143702777491,0.10398302925371967,0,83.89,93.105
nearest_class_agrees,mapped,DESCEND,disabled,pillbox,random_pillbox,21,0.1539304800174189,0.19510430340420912,0.1539304800174189,0,57.124,58.583
nearest_class_agrees,mapped,HIGH_SURVEY,disabled,bridge,random_bridge,55,0.12379534356832333,0.17910605164833596,0.12379534356832333,0,45.424,48.181
nearest_class_agrees,mapped,HIGH_SURVEY,disabled,pillbox,random_pillbox,4,0.16954805205824142,0.18552837977067696,0.16954805205824142,0,55.183,56.239
nearest_class_agrees,mapped,HIGH_SURVEY,disabled,red_cross,random_red_cross,147,0.12938038133271307,0.2518771511253052,0.12938038133271307,0,16.326,51.406
nearest_class_agrees,mapped,LANDING,landing,landing_pad,landing_h_clone,64,0.041859668071347444,0.04670658002193463,0.041859668071347444,0,390.603,394.073
nearest_class_agrees,mapped,LOW_COVERAGE,disabled,bridge,random_bridge,39,0.0879486333614269,0.1424961052019607,0.0879486333614269,0,114.083,116.022
nearest_class_agrees,mapped,LOW_COVERAGE,disabled,panzer,random_panzer,72,0.08193211937544241,0.09367502662196704,0.08193211937544241,0,304.301,319.114
nearest_class_agrees,mapped,LOW_COVERAGE,disabled,red_cross,random_red_cross,108,0.06553736203455619,0.07371626431388782,0.06553736203455619,0,247.96,253.72
nearest_class_agrees,mapped,LOW_COVERAGE,disabled,tent,random_tent,6,0.06331123975753619,0.06788680923597484,0.06331123975753619,0,127.794,128.094
nearest_class_agrees,mapped,LOW_COVERAGE,drop_circle,panzer,random_panzer,157,0.08798045859058773,0.29812382027070566,0.08798045859058773,0,307.687,318.67
nearest_class_agrees,mapped,REACQUIRE,disabled,bridge,random_bridge,3,0.07486161499907477,0.07489632308091307,0.07486161499907477,0,105.994,106.094
nearest_class_agrees,mapped,REACQUIRE,disabled,pillbox,random_pillbox,4,0.1258155564339551,0.1266110173950679,0.1258155564339551,0,65.606,65.747
nearest_class_agrees,mapped,REACQUIRE,disabled,red_cross,random_red_cross,5,0.09653692711769704,0.09816206827623149,0.09653692711769704,0,82.671,82.866
nearest_class_agrees,mapped,REVISIT,disabled,bridge,random_bridge,34,0.07562004249035374,0.09093426390176405,0.07562004249035374,0,104.098,105.93
nearest_class_agrees,mapped,REVISIT,disabled,pillbox,random_pillbox,219,0.1186837919001637,0.1960827583047371,0.1186837919001637,0,59.92,72.365
nearest_class_agrees,mapped,REVISIT,disabled,red_cross,random_red_cross,65,0.0957565777672307,0.1466854687860478,0.0957565777672307,0,81.178,101.377
nearest_class_agrees,mapped,SURVEY_BELOW_HIGH_OR_NO_POSE,disabled,red_cross,random_red_cross,36,0.11661452252049773,0.12234487855590481,0.11661452252049773,0,14.356,16.232
nearest_class_agrees,mapped,TAIL,disabled,bridge,random_bridge,13,0.06451784742694769,0.06880629326346906,0.06451784742694769,0,328.147,328.8
nearest_class_agrees,mapped,TAIL,disabled,panzer,random_panzer,26,0.0667684509266454,0.07912586498676469,0.0667684509266454,0,319.176,320.604
nearest_class_agrees,selected,DELIVERY,disabled,bridge,random_bridge,29,0.10256055712958288,0.1065949407356993,0.10256055712958288,0,106.129,114.011
nearest_class_agrees,selected,DELIVERY,disabled,red_cross,random_red_cross,16,0.13081360233985928,0.13199761898017848,0.13081360233985928,0,82.958,83.786
nearest_class_agrees,selected,DELIVERY,drop_circle,bridge,random_bridge,68,0.09814133132118702,0.09896416973443732,0.09814133132118702,0,107.839,113.772
nearest_class_agrees,selected,DELIVERY,drop_cross,red_cross,random_red_cross,94,0.1268600851487492,0.1287878361020402,0.1268600851487492,0,83.992,92.931
nearest_class_agrees,selected,DESCEND,disabled,pillbox,random_pillbox,18,0.16223096810572496,0.16567336593162021,0.16223096810572496,0,57.348,58.583
nearest_class_agrees,selected,HIGH_SURVEY,disabled,bridge,random_bridge,53,0.11366905082484118,0.12744199521790095,0.11366905082484118,0,45.523,48.181
nearest_class_agrees,selected,HIGH_SURVEY,disabled,red_cross,random_red_cross,125,0.13510777361043758,0.15390384408683053,0.13510777361043758,0,16.326,51.36
nearest_class_agrees,selected,LOW_COVERAGE,disabled,bridge,random_bridge,39,0.09390916345645439,0.09543565979692206,0.09390916345645439,0,114.083,116.022
nearest_class_agrees,selected,LOW_COVERAGE,disabled,panzer,random_panzer,67,0.07328278975716158,0.07966612596582248,0.07328278975716158,0,304.42,319.114
nearest_class_agrees,selected,LOW_COVERAGE,disabled,red_cross,random_red_cross,106,0.10988232081576227,0.11562801399641723,0.10988232081576227,0,248.037,253.72
nearest_class_agrees,selected,LOW_COVERAGE,disabled,tent,random_tent,4,0.06028640953263234,0.061787226977228146,0.06028640953263234,0,127.96,128.094
nearest_class_agrees,selected,LOW_COVERAGE,drop_circle,panzer,random_panzer,144,0.08322774278738432,0.08499127317266139,0.08322774278738432,0,307.822,318.621
nearest_class_agrees,selected,REACQUIRE,disabled,bridge,random_bridge,3,0.1078600993648532,0.10820307930887767,0.1078600993648532,0,105.994,106.094
nearest_class_agrees,selected,REACQUIRE,disabled,pillbox,random_pillbox,4,0.15447134038663518,0.15475777046486597,0.15447134038663518,0,65.606,65.747
nearest_class_agrees,selected,REACQUIRE,disabled,red_cross,random_red_cross,5,0.1326682174699283,0.1330112195497102,0.1326682174699283,0,82.671,82.866
nearest_class_agrees,selected,REVISIT,disabled,bridge,random_bridge,32,0.11592786886775411,0.12582623631470136,0.11592786886775411,0,104.199,105.93
nearest_class_agrees,selected,REVISIT,disabled,pillbox,random_pillbox,217,0.15112735086326656,0.17638834301754833,0.15112735086326656,0,59.991,72.365
nearest_class_agrees,selected,REVISIT,disabled,red_cross,random_red_cross,44,0.13439752738286284,0.13982899683570882,0.13439752738286284,0,81.268,101.377
nearest_class_agrees,selected,SURVEY_BELOW_HIGH_OR_NO_POSE,disabled,red_cross,random_red_cross,31,0.1143914250445514,0.11779307090424047,0.1143914250445514,0,14.476,16.101
nearest_class_agrees,selected,TAIL,disabled,bridge,random_bridge,11,0.09399374719993898,0.09462826833288154,0.09399374719993898,0,328.249,328.8
nearest_class_agrees,selected,TAIL,disabled,panzer,random_panzer,26,0.07405061311455087,0.0746170168531034,0.07405061311455087,0,319.176,320.604
nearest_class_agrees,targets,DELIVERY,disabled,bridge,random_bridge,31,0.1022957949935027,0.10655758390717694,0.1022957949935027,0,106.129,114.011
nearest_class_agrees,targets,DELIVERY,disabled,red_cross,random_red_cross,16,0.13081360233985928,0.13199761898017848,0.13081360233985928,0,82.958,83.786
nearest_class_agrees,targets,DELIVERY,drop_circle,bridge,random_bridge,75,0.09806250907448179,0.09896846591952421,0.09806250907448179,0,107.74,113.772
nearest_class_agrees,targets,DELIVERY,drop_cross,red_cross,random_red_cross,100,0.12678860654957153,0.12895298133768104,0.12678860654957153,0,83.89,92.931
nearest_class_agrees,targets,DESCEND,disabled,pillbox,random_pillbox,19,0.162450592913459,0.16651223946708044,0.162450592913459,0,57.31,58.583
nearest_class_agrees,targets,HIGH_SURVEY,disabled,bridge,random_bridge,55,0.11341065541222874,0.12736929211961098,0.11341065541222874,0,45.424,48.181
nearest_class_agrees,targets,HIGH_SURVEY,disabled,red_cross,random_red_cross,129,0.13510777361043758,0.15451139801696748,0.13510777361043758,0,16.326,51.36
nearest_class_agrees,targets,LANDING,landing,landing_pad,landing_h_clone,64,0.044652258440406434,0.046610472405240695,0.044652258440406434,0,390.603,394.073
nearest_class_agrees,targets,LOW_COVERAGE,disabled,bridge,random_bridge,39,0.09390916345645439,0.09543565979692206,0.09390916345645439,0,114.083,116.022
nearest_class_agrees,targets,LOW_COVERAGE,disabled,panzer,random_panzer,71,0.07328278975716158,0.07961856703924533,0.07328278975716158,0,304.301,319.114
nearest_class_agrees,targets,LOW_COVERAGE,disabled,red_cross,random_red_cross,108,0.11000826628916402,0.1158877265978603,0.11000826628916402,0,247.96,253.72
nearest_class_agrees,targets,LOW_COVERAGE,disabled,tent,random_tent,6,0.05907813817217902,0.06172198537148724,0.05907813817217902,0,127.794,128.094
nearest_class_agrees,targets,LOW_COVERAGE,drop_circle,panzer,random_panzer,156,0.08312011161465027,0.08498218544169446,0.08312011161465027,0,307.687,318.621
nearest_class_agrees,targets,REACQUIRE,disabled,bridge,random_bridge,3,0.1078600993648532,0.10820307930887767,0.1078600993648532,0,105.994,106.094
nearest_class_agrees,targets,REACQUIRE,disabled,pillbox,random_pillbox,4,0.15447134038663518,0.15475777046486597,0.15447134038663518,0,65.606,65.747
nearest_class_agrees,targets,REACQUIRE,disabled,red_cross,random_red_cross,5,0.1326682174699283,0.1330112195497102,0.1326682174699283,0,82.671,82.866
nearest_class_agrees,targets,REVISIT,disabled,bridge,random_bridge,34,0.11648208421700229,0.12752203617662075,0.11648208421700229,0,104.098,105.93
nearest_class_agrees,targets,REVISIT,disabled,pillbox,random_pillbox,219,0.15136697890047715,0.17636778131513056,0.15136697890047715,0,59.92,72.365
nearest_class_agrees,targets,REVISIT,disabled,red_cross,random_red_cross,50,0.1341748373518658,0.1403953802159622,0.1341748373518658,0,81.178,101.377
nearest_class_agrees,targets,SURVEY_BELOW_HIGH_OR_NO_POSE,disabled,red_cross,random_red_cross,33,0.11478486738094108,0.11778891026957507,0.11478486738094108,0,14.356,16.101
nearest_class_agrees,targets,TAIL,disabled,bridge,random_bridge,13,0.09415653315893431,0.09491850802088982,0.09415653315893431,0,328.147,328.8
nearest_class_agrees,targets,TAIL,disabled,panzer,random_panzer,26,0.07405061311455087,0.0746170168531034,0.07405061311455087,0,319.176,320.604
