id,phase,window_relative_s,window_boot_s,n_command_samples,M1_median_command,M2_median_command,M3_median_command,M4_median_command,M1_median_minus_instant_mean,M2_median_minus_instant_mean,M3_median_minus_instant_mean,M4_median_minus_instant_mean,rollspeed_integ_median,pitchspeed_integ_median,yawspeed_integ_median,M1_saturation_fraction,rate_error_roll_abs_p95,rate_error_pitch_abs_p95,rate_error_yaw_abs_p95
186,candidate_hover,"[[4.053601999999984, 10.752520000000032], [14.15219700000003, 23.454827999999992]]","[[256.941268, 263.640186], [267.039863, 276.342494]]",160,0.5719688534736633,0.4737982153892517,0.4824453592300415,0.47438398003578186,0.06518128514289856,-0.008505847305059433,-0.012257218360900879,-0.0637374073266983,-0.03169168159365654,0.04123006761074066,0.02259807661175728,0.0,0.1359063078041447,0.1343910338597791,0.21514913130343785
188,candidate_hover,"[[3.2639890000000378, 8.066768000000025], [10.06495799999999, 23.767063000000007], [24.165786000000026, 25.46539200000001], [25.56582400000002, 27.764808000000016], [29.06590299999999, 30.26657]]","[[382.67234, 387.475119], [389.473309, 403.175414], [403.574137, 404.873743], [404.974175, 407.173159], [408.474254, 409.674921]]",232,0.4683712124824524,0.45013314485549927,0.4871755838394165,0.4160718321800232,0.06627616286277771,-0.042576223611831665,0.030129626393318176,-0.01585383713245392,0.002872300334274769,0.03739531338214874,0.004811408929526806,0.0,0.5089155813731425,0.44286969004591603,0.371182530650538
191,candidate_hover,"[[11.650760999999989, 26.851154000000065]]","[[664.160501, 679.360894]]",152,0.6581956148147583,0.5487600564956665,0.5521184802055359,0.5517681837081909,0.07955843210220337,-0.030847489833831787,-0.026557475328445435,-0.026406824588775635,-0.040873754769563675,0.040025338530540466,0.02475135028362274,0.0,0.0523866249479374,0.046477705319008966,0.1983702561478171
227,candidate_hover,"[[4.564481000000001, 8.464176999999978], [11.86156699999998, 16.76207599999998], [20.46543699999998, 25.162216], [28.56445499999998, 33.362333999999976], [41.062456999999995, 42.063214999999985]]","[[176.408541, 180.308237], [183.705627, 188.606136], [192.309497, 197.006276], [200.408515, 205.206394], [212.906517, 213.907275]]",193,0.589017391204834,0.49425092339515686,0.50594562292099,0.5186660885810852,0.06277364492416382,-0.031289368867874146,-0.0209692120552063,-0.00977259874343872,-0.03727833926677704,0.030422521755099297,0.016006557270884514,0.0,0.2234299911507761,0.10858818087854925,0.07464048398942741
527,candidate_hover,"[[2.1532150000000456, 4.554211000000009], [5.054795000000013, 6.15337500000004], [6.352707000000009, 7.553247999999996], [7.951918000000035, 45.25273500000003], [46.55349699999999, 48.55266800000004]]","[[454.798801, 457.199797], [457.700381, 458.798961], [458.998293, 460.198834], [460.597504, 497.898321], [499.199083, 501.198254]]",440,0.5398256778717041,0.5430178642272949,0.49576032161712646,0.5127383470535278,0.01932254433631897,0.01970982551574707,-0.02443273365497589,-0.010345607995986938,-0.0096668666228652,-0.008357079699635506,0.017408577725291252,0.0,0.2979629562835414,0.16780247340515542,0.4378419312124915
528,candidate_hover,"[[1.862461000000053, 5.159707000000026], [5.362032999999997, 45.16118000000006], [45.26163100000008, 59.75907600000005], [60.760130000000004, 63.360160000000064]]","[[766.186815, 769.484061], [769.686387, 809.485534], [809.585985, 824.08343], [825.084484, 827.684514]]",602,0.5237599611282349,0.5440859794616699,0.5299975275993347,0.5353336334228516,-0.015667468309402466,0.015926718711853027,-0.006085783243179321,0.0031692683696746826,0.009141705930233002,-0.014217529445886612,0.0011394298635423183,0.0,0.2236338891673284,0.16786687362296365,0.1914492182805417
529,candidate_hover,"[[1.8527639999999792, 3.9525280000000294], [5.551532999999836, 69.45102499999985], [70.75320999999985, 73.15386399999988]]","[[1034.129388, 1036.229152], [1037.828157, 1101.727649], [1103.029834, 1105.430488]]",684,0.5293267965316772,0.5608875155448914,0.5478975772857666,0.5552448034286499,-0.02432870864868164,0.012804567813873291,0.005772650241851807,0.009325742721557617,0.006959147751331329,-0.015283212065696716,-0.0053037661127746105,0.0,0.2058681524204928,0.15872089564667946,0.17827283594496068
530,candidate_hover,"[[2.3632929999999988, 3.962412999999998], [5.363692999999984, 24.26359599999998], [24.363927999999987, 56.865819000000016], [57.964095000000015, 59.963176000000004]]","[[205.524031, 207.123151], [208.524431, 227.424334], [227.524666, 260.026557], [261.124833, 263.123914]]",550,0.5063661336898804,0.527320384979248,0.49728453159332275,0.5124664902687073,-0.007287412881851196,0.01738107204437256,-0.010611683130264282,0.0009776949882507324,0.004315844736993313,-0.01455819234251976,0.007700183428823948,0.0,0.17978150975334817,0.1556918543951653,0.20153484942652328
70,candidate_hover,"[[4.357352999999989, 42.05600599999997], [43.75679100000002, 56.356134], [57.055882999999994, 61.25616600000001]]","[[404.10672, 441.805373], [443.506158, 456.105501], [456.80525, 461.005533]]",545,0.8469512462615967,0.5424935221672058,0.5599452257156372,0.5545421838760376,0.19748437404632568,-0.07317537069320679,-0.07988345623016357,-0.06688398122787476,-0.09300772845745087,0.0952201560139656,0.06502151489257812,0.03308823529411765,0.1073542668050069,0.1324073556219166,0.1929227551658469
71,candidate_hover,"[[4.661609999999996, 7.661150999999904], [8.86120799999992, 10.159937999999897], [11.959413999999924, 13.660242999999923], [14.258387999999968, 35.05865799999992]]","[[545.905918, 548.905459], [550.105516, 551.404246], [553.203722, 554.904551], [555.502696, 576.302966]]",268,1.0,0.5474987030029297,0.5750452280044556,0.5759832859039307,0.3182276487350464,-0.1262032389640808,-0.09294432401657104,-0.09650015085935593,-0.15688924491405487,0.15507139265537262,0.09511430561542511,0.6417910447761194,0.1819869334805087,0.18853417060872757,0.2914713451725181
72,pre_impact_boot127_133.3,"[[6.076299000000006, 12.376299000000017]]","[[127.0, 133.3]]",63,0.9305079579353333,0.5219729542732239,0.5512295961380005,0.53049236536026,0.29653090238571167,-0.10920578241348267,-0.0800621509552002,-0.10156410932540894,-0.1294977217912674,0.14351646602153778,0.06509749591350555,0.0,0.27359605249064733,0.4070336625494221,0.23827430942107933
103,steady_before_transient_t5_17.5,"[[5, 17.5]]","[[290.6684, 303.1684]]",8285,0.6127503514289856,0.4734847843647003,0.509557843208313,0.4694474935531616,0.0954657793045044,-0.0420399010181427,-0.005888253450393677,-0.04668107628822327,-0.03505932539701462,0.06298394501209259,0.0229849461466074,0.0,0.07063472095885057,0.0548157403040678,0.16188282895118875
