member,firmware_hash,release_hex,duration_s,airborne_lp_sample_n,lp_sample_n,EV_hgt_true_n,EV_pos_true_n,EV_yaw_true_n,EV_vel_true_n,EV_unknown_n,baro_hgt_true_n,gps_hgt_true_n,range_hgt_true_n,z_changes,z_steps,z_air,z_ground,z_max_abs_enu_m,xy_changes,xy_air,xy_ground,vxy_changes,vxy_air,vxy_ground,yaw_changes,yaw_air,yaw_ground,yaw_max_abs_deg,vz_changes,vz_air,vz_ground,selector_changes,dropout_n,dropout_ms,EV_CTRL,HGT_REF,HGT_MODE,GPS_CTRL,BARO_CTRL,SDLOG_PROFILE,EV_DELAY,DELAY_MAX
26.7.6成功飞行，偏移/log_50_2026-7-5-16-48-14.ulg,30e763b6780061d70a14894e3e8b06e6a656f9b8,0x10f00ff,10.952,0,111,0,0,0,0,0,111,0,0,0,0,0,0,0,0,0,0,0,0,0,0,0,0,0,0,0,0,0,0,0,15,1,,7,1,1,0.0,200.0
26.7.6成功飞行，偏移/log_51_2026-7-5-16-48-40.ulg,30e763b6780061d70a14894e3e8b06e6a656f9b8,0x10f00ff,21.253,152,214,0,0,0,0,0,214,0,0,0,0,0,0,0,2,0,2,2,0,2,0,0,0,0,0,0,0,0,0,0,15,1,,7,1,1,0.0,200.0
26.7.6成功飞行，偏移/log_52_2026-7-5-16-50-26.ulg,30e763b6780061d70a14894e3e8b06e6a656f9b8,0x10f00ff,31.853,266,320,0,0,0,0,0,320,0,0,0,0,0,0,0,0,0,0,0,0,0,1,1,0,127.21067502722171,0,0,0,0,0,0,15,1,,7,1,1,0.0,200.0
26.7.6成功飞行，偏移/log_53_2026-7-5-16-55-00.ulg,30e763b6780061d70a14894e3e8b06e6a656f9b8,0x10f00ff,41.048,307,412,0,0,0,0,0,412,0,0,0,0,0,0,0,2,0,2,2,0,2,1,1,0,105.72457329470824,0,0,0,0,0,0,15,1,,7,1,1,0.0,200.0
26.7.6成功飞行，偏移/log_54_2026-7-5-16-57-16.ulg,30e763b6780061d70a14894e3e8b06e6a656f9b8,0x10f00ff,21.053,174,212,0,0,0,0,0,212,0,0,0,0,0,0,0,1,0,1,1,0,1,1,1,0,5.387457703141067,0,0,0,0,0,0,15,1,,7,1,1,0.0,200.0
26.7.6成功飞行，偏移/log_55_2026-7-5-16-59-56.ulg,30e763b6780061d70a14894e3e8b06e6a656f9b8,0x10f00ff,17.854,123,180,0,0,0,0,0,180,0,0,0,0,0,0,0,1,0,1,1,0,1,0,0,0,0,0,0,0,0,0,0,15,1,,7,1,1,0.0,200.0
26.7.6成功飞行，偏移/log_56_2026-7-5-17-00-14.ulg,30e763b6780061d70a14894e3e8b06e6a656f9b8,0x10f00ff,11.432,78,115,0,0,0,0,0,115,0,0,0,0,0,0,0,1,0,1,1,0,1,0,0,0,0,0,0,0,0,0,0,15,1,,7,1,1,0.0,200.0
26.7.6成功飞行，偏移/log_57_2026-7-5-17-00-38.ulg,30e763b6780061d70a14894e3e8b06e6a656f9b8,0x10f00ff,8.154,53,83,0,0,0,0,0,83,0,0,0,0,0,0,0,0,0,0,0,0,0,0,0,0,0,0,0,0,0,0,0,15,1,,7,1,1,0.0,200.0
26.7.6成功飞行，偏移/log_58_2026-7-5-17-01-38.ulg,30e763b6780061d70a14894e3e8b06e6a656f9b8,0x10f00ff,23.447,187,236,0,0,0,0,0,236,0,0,0,0,0,0,0,1,0,1,1,0,1,0,0,0,0,0,0,0,0,0,0,15,1,,7,1,1,0.0,200.0
26.7.6成功飞行，偏移/log_59_2026-7-5-17-02-06.ulg,30e763b6780061d70a14894e3e8b06e6a656f9b8,0x10f00ff,7.445,0,75,0,0,0,0,0,75,0,0,0,0,0,0,0,0,0,0,0,0,0,1,0,1,31.178427032706697,0,0,0,0,0,0,15,1,,7,1,1,0.0,200.0
26.7.6成功飞行，偏移/log_60_2026-7-5-17-02-30.ulg,30e763b6780061d70a14894e3e8b06e6a656f9b8,0x10f00ff,23.455,215,236,0,0,0,0,0,236,0,0,0,0,0,0,0,2,0,2,2,0,2,1,1,0,171.6332281813658,0,0,0,0,0,0,15,1,,7,1,1,0.0,200.0
26.7.6成功飞行，偏移/log_61_2026-7-5-17-06-24.ulg,30e763b6780061d70a14894e3e8b06e6a656f9b8,0x10f00ff,12.247,64,124,0,0,0,0,0,124,0,0,0,0,0,0,0,1,0,1,1,0,1,0,0,0,0,0,0,0,0,0,0,15,1,,7,1,1,0.0,200.0
26.7.6成功飞行，偏移/log_62_2026-7-5-17-07-22.ulg,30e763b6780061d70a14894e3e8b06e6a656f9b8,0x10f00ff,40.407,369,405,0,0,0,0,0,405,0,0,0,0,0,0,0,2,0,2,2,0,2,2,2,0,117.479964063893,0,0,0,0,0,0,15,1,,7,1,1,0.0,200.0
26.7.6成功飞行，偏移/log_63_2026-7-5-17-09-22.ulg,30e763b6780061d70a14894e3e8b06e6a656f9b8,0x10f00ff,10.95,0,111,0,0,0,0,0,111,0,0,0,0,0,0,0,1,0,1,1,0,1,0,0,0,0,0,0,0,0,0,0,15,1,,7,1,1,0.0,200.0
26.7.6成功飞行，偏移/log_64_2026-7-5-17-09-34.ulg,30e763b6780061d70a14894e3e8b06e6a656f9b8,0x10f00ff,10.364,19,105,0,0,0,0,0,105,0,0,0,0,0,0,0,0,0,0,0,0,0,0,0,0,0,0,0,0,0,0,0,15,1,,7,1,1,0.0,200.0
26.7.14成功自主起飞/log_182_2026-7-9-22-05-56.ulg,30e763b6780061d70a14894e3e8b06e6a656f9b8,0x10f00ff,9.352,0,95,0,0,0,0,0,95,0,0,0,0,0,0,0,1,0,1,1,0,1,0,0,0,0,0,0,0,0,0,0,15,1,,7,1,1,0.0,200.0
26.7.14成功自主起飞/log_183_2026-7-9-23-09-34.ulg,30e763b6780061d70a14894e3e8b06e6a656f9b8,0x10f00ff,9.232,11,93,0,0,0,0,0,93,0,0,0,0,0,0,0,1,0,1,1,0,1,0,0,0,0,0,0,0,0,0,0,15,1,,7,1,1,0.0,200.0
26.7.14成功自主起飞/log_184_2026-7-9-23-12-28.ulg,30e763b6780061d70a14894e3e8b06e6a656f9b8,0x10f00ff,2.91,0,30,30,30,30,0,0,30,0,0,0,0,0,0,0,0,0,0,0,0,0,0,0,0,0,0,0,0,0,0,0,15,1,,7,1,1,0.0,200.0
26.7.14成功自主起飞/log_185_2026-7-9-23-12-44.ulg,30e763b6780061d70a14894e3e8b06e6a656f9b8,0x10f00ff,2.053,0,22,22,22,22,0,0,22,0,0,0,0,0,0,0,0,0,0,0,0,0,0,0,0,0,0,0,0,0,0,0,15,1,,7,1,1,0.0,200.0
26.7.14成功自主起飞/log_186_2026-7-9-23-13-30.ulg,30e763b6780061d70a14894e3e8b06e6a656f9b8,0x10f00ff,27.053,224,272,272,272,272,0,0,272,0,0,0,0,0,0,0,0,0,0,0,0,0,0,0,0,0,0,0,0,0,0,0,15,1,,7,1,1,0.0,200.0
26.7.14成功自主起飞/log_187_2026-7-9-23-15-06.ulg,30e763b6780061d70a14894e3e8b06e6a656f9b8,0x10f00ff,0.95,0,11,11,11,11,0,0,11,0,0,0,0,0,0,0,0,0,0,0,0,0,0,0,0,0,0,0,0,0,0,0,15,1,,7,1,1,0.0,200.0
26.7.14成功自主起飞/log_188_2026-7-9-23-15-44.ulg,30e763b6780061d70a14894e3e8b06e6a656f9b8,0x10f00ff,33.865,277,340,340,340,340,0,0,340,0,0,0,0,0,0,0,0,0,0,0,0,0,0,0,0,0,0,0,0,0,0,0,15,1,,7,1,1,0.0,200.0
26.7.14成功自主起飞/log_189_2026-7-9-23-18-54.ulg,30e763b6780061d70a14894e3e8b06e6a656f9b8,0x10f00ff,9.553,0,97,97,97,97,0,0,97,0,0,0,0,0,0,0,0,0,0,0,0,0,0,0,0,0,0,0,0,0,0,0,15,1,,7,1,1,0.0,200.0
26.7.14成功自主起飞/log_190_2026-7-9-23-19-38.ulg,30e763b6780061d70a14894e3e8b06e6a656f9b8,0x10f00ff,10.972,0,111,111,111,111,0,0,111,0,0,0,0,0,0,0,0,0,0,0,0,0,0,0,0,0,0,0,0,0,0,0,15,1,,7,1,1,0.0,200.0
26.7.14成功自主起飞/log_191_2026-7-9-23-20-12.ulg,30e763b6780061d70a14894e3e8b06e6a656f9b8,0x10f00ff,28.703,230,288,288,288,288,0,0,288,0,0,0,0,0,0,0,0,0,0,0,0,0,0,0,0,0,0,0,0,0,0,0,15,1,,7,1,1,0.0,200.0
921走廊避障前倾/log_527_2026-9-19-21-17-56.ulg,30e763b6780061d70a14894e3e8b06e6a656f9b8,0x10f00ff,52.151,471,523,523,523,523,0,0,523,0,0,0,0,0,0,0,0,0,0,0,0,0,0,0,0,0,0,0,0,0,0,0,15,3,,0,1,1,0.0,200.0
921走廊避障前倾/log_528_2026-9-19-21-23-22.ulg,30e763b6780061d70a14894e3e8b06e6a656f9b8,0x10f00ff,66.974,622,671,671,671,671,0,0,671,0,0,0,0,0,0,0,0,0,0,0,0,0,0,0,0,0,0,0,0,0,0,0,15,3,,0,1,1,0.0,200.0
921走廊避障前倾/log_529_2026-9-19-21-28-00.ulg,30e763b6780061d70a14894e3e8b06e6a656f9b8,0x10f00ff,76.779,720,769,769,769,769,0,0,769,0,0,0,0,0,0,0,0,0,0,0,0,0,0,0,0,0,0,0,0,0,0,0,15,3,,0,1,1,0.0,200.0
921走廊避障前倾/log_530_2026-9-19-21-34-16.ulg,30e763b6780061d70a14894e3e8b06e6a656f9b8,0x10f00ff,63.557,586,637,637,637,637,0,0,637,0,0,0,0,0,0,0,0,0,0,0,0,0,1,1,0,96.39097635991325,0,0,0,0,0,0,15,3,,0,1,1,0.0,200.0
921走廊避障前倾/log_7_UnknownDate.ulg,1c8ab2a0d7db2d14a6f320ebd8766b5ffaea28fa,0x10d03ff,1.831,0,20,0,0,0,0,0,20,0,0,1,1,0,1,0.001544944941997528,1,0,1,1,0,1,2,0,2,0.8045143219574619,1,0,1,1,0,0,,,0,,,1,175.0,
921走廊避障前倾/log_8_UnknownDate.ulg,1c8ab2a0d7db2d14a6f320ebd8766b5ffaea28fa,0x10d03ff,1.782,11,18,0,0,0,0,0,18,0,0,0,0,0,0,0,0,0,0,0,0,0,1,0,1,0.10665635874697793,0,0,0,0,0,0,,,0,,,1,175.0,
921走廊避障前倾/log_9_UnknownDate.ulg,1c8ab2a0d7db2d14a6f320ebd8766b5ffaea28fa,0x10d03ff,25.123,211,253,0,0,0,0,0,253,0,0,0,0,0,0,0,0,0,0,0,0,0,1,1,0,4.327224940639735,0,0,0,0,0,0,,,0,,,1,175.0,
4d267725-1f38-42f3-ae1d-cdb08bdb5c54.ulg,30e763b6780061d70a14894e3e8b06e6a656f9b8,0x10f00ff,13.649,75,138,0,0,0,0,0,138,0,0,0,0,0,0,0,1,0,1,1,0,1,0,0,0,0,0,0,0,0,0,0,15,1,,7,1,1,0.0,200.0
log_25_2026-7-5-14-15-26.ulg,30e763b6780061d70a14894e3e8b06e6a656f9b8,0x10f00ff,10.947,0,111,0,0,0,0,0,111,0,0,0,0,0,0,0,0,0,0,0,0,0,0,0,0,0,0,0,0,0,0,0,15,1,,7,1,1,0.0,200.0
log_26_2026-7-5-14-15-40.ulg,30e763b6780061d70a14894e3e8b06e6a656f9b8,0x10f00ff,10.957,0,111,0,0,0,0,0,111,0,0,0,0,0,0,0,2,0,2,2,0,2,0,0,0,0,0,0,0,0,0,0,15,1,,7,1,1,0.0,200.0
log_27_2026-7-5-14-58-22.ulg,30e763b6780061d70a14894e3e8b06e6a656f9b8,0x10f00ff,10.971,0,111,0,0,0,0,0,111,0,0,0,0,0,0,0,0,0,0,0,0,0,0,0,0,0,0,0,0,0,0,0,15,1,,7,1,1,0.0,200.0
log_28_2026-7-5-14-58-44.ulg,30e763b6780061d70a14894e3e8b06e6a656f9b8,0x10f00ff,10.966,0,111,0,0,0,0,0,111,0,0,0,0,0,0,0,0,0,0,0,0,0,0,0,0,0,0,0,0,0,0,0,15,1,,7,1,1,0.0,200.0
log_29_2026-7-5-14-59-46.ulg,30e763b6780061d70a14894e3e8b06e6a656f9b8,0x10f00ff,30.702,192,308,0,0,0,0,0,308,0,0,0,0,0,0,0,1,0,1,1,0,1,0,0,0,0,0,0,0,0,0,0,15,1,,7,1,1,0.0,200.0
log_30_2026-7-5-15-00-12.ulg,30e763b6780061d70a14894e3e8b06e6a656f9b8,0x10f00ff,10.944,0,111,0,0,0,0,0,111,0,0,0,0,0,0,0,0,0,0,0,0,0,0,0,0,0,0,0,0,0,0,0,15,1,,7,1,1,0.0,200.0
log_31_2026-7-5-15-00-26.ulg,30e763b6780061d70a14894e3e8b06e6a656f9b8,0x10f00ff,8.853,41,90,0,0,0,0,0,90,0,0,0,0,0,0,0,2,0,2,2,0,2,0,0,0,0,0,0,0,0,0,0,15,1,,7,1,1,0.0,200.0
log_32_2026-7-5-15-01-04.ulg,30e763b6780061d70a14894e3e8b06e6a656f9b8,0x10f00ff,24.652,199,248,0,0,0,0,0,248,0,0,0,0,0,0,0,2,0,2,2,0,2,0,0,0,0,0,0,0,0,0,0,15,1,,7,1,1,0.0,200.0
log_33_2026-7-5-15-02-14.ulg,30e763b6780061d70a14894e3e8b06e6a656f9b8,0x10f00ff,10.946,0,111,0,0,0,0,0,111,0,0,0,0,0,0,0,0,0,0,0,0,0,0,0,0,0,0,0,0,0,0,0,15,1,,7,1,1,0.0,200.0
log_34_2026-7-5-15-02-28.ulg,30e763b6780061d70a14894e3e8b06e6a656f9b8,0x10f00ff,10.975,0,111,0,0,0,0,0,111,0,0,0,0,0,0,0,1,0,1,1,0,1,0,0,0,0,0,0,0,0,0,0,15,1,,7,1,1,0.0,200.0
log_35_2026-7-5-15-02-44.ulg,30e763b6780061d70a14894e3e8b06e6a656f9b8,0x10f00ff,11.022,0,111,0,0,0,0,0,111,0,0,0,0,0,0,0,2,0,2,2,0,2,0,0,0,0,0,0,0,0,0,0,15,1,,7,1,1,0.0,200.0
log_36_2026-7-5-15-02-58.ulg,30e763b6780061d70a14894e3e8b06e6a656f9b8,0x10f00ff,10.943,0,111,0,0,0,0,0,111,0,0,0,0,0,0,0,1,0,1,1,0,1,0,0,0,0,0,0,0,0,0,0,15,1,,7,1,1,0.0,200.0
log_37_2026-7-5-15-05-26.ulg,30e763b6780061d70a14894e3e8b06e6a656f9b8,0x10f00ff,19.647,123,198,0,0,0,0,0,198,0,0,0,0,0,0,0,1,0,1,1,0,1,1,1,0,13.46195963708934,0,0,0,0,0,0,15,1,,7,1,1,0.0,200.0
log_38_2026-7-5-15-15-06.ulg,30e763b6780061d70a14894e3e8b06e6a656f9b8,0x10f00ff,2.951,0,31,0,0,0,0,0,31,0,0,0,0,0,0,0,0,0,0,0,0,0,0,0,0,0,0,0,0,0,0,0,15,1,,7,1,1,0.0,200.0
log_39_2026-7-5-15-15-22.ulg,30e763b6780061d70a14894e3e8b06e6a656f9b8,0x10f00ff,0.954,0,11,0,0,0,0,0,11,0,0,0,0,0,0,0,0,0,0,0,0,0,0,0,0,0,0,0,0,0,0,0,15,1,,7,1,1,0.0,200.0
log_40_2026-7-5-15-16-54.ulg,30e763b6780061d70a14894e3e8b06e6a656f9b8,0x10f00ff,9.555,0,97,0,0,0,0,0,97,0,0,0,0,0,0,0,0,0,0,0,0,0,0,0,0,0,0,0,0,0,0,0,15,1,,7,1,1,0.0,200.0
log_41_2026-7-5-15-18-20.ulg,30e763b6780061d70a14894e3e8b06e6a656f9b8,0x10f00ff,13.154,93,133,0,0,0,0,0,133,0,0,0,0,0,0,0,1,0,1,1,0,1,0,0,0,0,0,0,0,0,0,0,15,1,,7,1,1,0.0,200.0
log_42_2026-7-5-15-18-58.ulg,30e763b6780061d70a14894e3e8b06e6a656f9b8,0x10f00ff,10.957,0,111,0,0,0,0,0,111,0,0,0,0,0,0,0,0,0,0,0,0,0,1,0,1,7.168697614146814,0,0,0,0,0,0,15,1,,7,1,1,0.0,200.0
log_43_2026-7-5-15-19-10.ulg,30e763b6780061d70a14894e3e8b06e6a656f9b8,0x10f00ff,10.951,0,111,0,0,0,0,0,111,0,0,0,0,0,0,0,1,0,1,1,0,1,0,0,0,0,0,0,0,0,0,0,15,1,,7,1,1,0.0,200.0
log_44_2026-7-5-15-19-58.ulg,30e763b6780061d70a14894e3e8b06e6a656f9b8,0x10f00ff,14.453,30,146,0,0,0,0,0,146,0,0,0,0,0,0,0,2,0,2,2,0,2,0,0,0,0,0,0,0,0,0,0,15,1,,7,1,1,0.0,200.0
log_45_2026-7-5-15-20-10.ulg,30e763b6780061d70a14894e3e8b06e6a656f9b8,0x10f00ff,10.958,0,111,0,0,0,0,0,111,0,0,0,0,0,0,0,0,0,0,0,0,0,0,0,0,0,0,0,0,0,0,0,15,1,,7,1,1,0.0,200.0
log_227_2026-7-10-10-46-10.ulg,30e763b6780061d70a14894e3e8b06e6a656f9b8,0x10f00ff,42.966,401,431,431,431,431,0,0,431,0,0,0,0,0,0,0,0,0,0,0,0,0,0,0,0,0,0,0,0,0,0,0,15,1,,7,1,1,0.0,200.0
log_103_2026-10-5-20-08-42.ulg,30e763b6780061d70a14894e3e8b06e6a656f9b8,0x10f00ff,24.536,192,242,241,241,241,0,1,241,0,0,0,0,0,0,0,0,0,0,0,0,0,1,1,0,82.2624295334184,0,0,0,0,10,538,15,3,,0,1,273,0.0,200.0
log_70_2026-10-4-11-59-42.ulg,30e763b6780061d70a14894e3e8b06e6a656f9b8,0x10f00ff,64.925,583,650,650,650,650,0,0,650,0,0,0,0,0,0,0,0,0,0,0,0,0,1,1,0,112.78190723575894,0,0,0,0,0,0,15,3,,0,1,1,0.0,200.0
log_71_2026-10-4-12-01-36.ulg,30e763b6780061d70a14894e3e8b06e6a656f9b8,0x10f00ff,38.664,315,388,388,388,388,0,0,388,0,0,0,0,0,0,0,0,0,0,0,0,0,1,1,0,74.27637428035355,0,0,0,0,0,0,15,3,,0,1,1,0.0,200.0
log_72_2026-10-4-12-05-42.ulg,30e763b6780061d70a14894e3e8b06e6a656f9b8,0x10f00ff,24.66,190,248,248,248,248,0,0,248,0,0,1,1,1,0,0.044327497482299805,1,1,0,1,1,0,1,1,0,1.0578221326111399,1,1,0,1,0,0,15,3,,0,1,1,0.0,200.0
CONTEXT_OCT3_px4_log781.ulg,30e763b6780061d70a14894e3e8b06e6a656f9b8,0x10f00ff,207.049,2046,2072,2064,2064,2031,0,0,2072,0,0,6,6,6,0,0.524177074432373,12,12,0,0,0,0,0,0,0,0,0,0,0,0,0,0,15,3,,0,1,1,0.0,200.0
