kind,source,target,topic_type
publish,/laserMapping,/Laser_map,sensor_msgs/PointCloud2
publish,/laserMapping,/Odometry,nav_msgs/Odometry
publish,/gazebo,/clock,rosgraph_msgs/Clock
publish,/laserMapping,/cloud_effected,sensor_msgs/PointCloud2
publish,/laserMapping,/cloud_registered,sensor_msgs/PointCloud2
publish,/laserMapping,/cloud_registered_body,sensor_msgs/PointCloud2
publish,/patrol_control,/control1,std_msgs/Bool
publish,/patrol_control,/control2,std_msgs/Bool
publish,/patrol_control,/control3,std_msgs/Bool
publish,/patrol_control,/detect/point_class,std_msgs/Int8
publish,/mavros,/diagnostics,diagnostic_msgs/DiagnosticArray
publish,/gazebo,/downward_camera/camera_info,sensor_msgs/CameraInfo
publish,/gazebo,/downward_camera/image_raw,sensor_msgs/Image
publish,/gazebo,/downward_camera/parameter_descriptions,dynamic_reconfigure/ConfigDescription
publish,/gazebo,/downward_camera/parameter_updates,dynamic_reconfigure/Config
publish,/navigation/planner_bridge,/fastplanner/goal,geometry_msgs/PoseStamped
publish,/traj_server,/fastplanner/setpoint_position/local,geometry_msgs/PoseStamped
publish,/freedom,/freedom/clusters,sensor_msgs/PointCloud2
publish,/freedom,/freedom/depth_image,sensor_msgs/Image
publish,/freedom,/freedom/enhanced_depth_image,sensor_msgs/Image
publish,/freedom,/freedom/enhanced_pointcloud,sensor_msgs/PointCloud2
publish,/freedom,/freedom/free_blocks,sensor_msgs/PointCloud2
publish,/freedom,/freedom/free_voxels,sensor_msgs/PointCloud2
publish,/freedom,/freedom/local_map_range,visualization_msgs/Marker
publish,/freedom,/freedom/raycast_range,visualization_msgs/Marker
publish,/freedom,/freedom/raycasted_blocks,sensor_msgs/PointCloud2
publish,/freedom,/freedom/raycasted_voxels,sensor_msgs/PointCloud2
publish,/freedom,/freedom/scan_blocks,sensor_msgs/PointCloud2
publish,/freedom,/freedom/scan_map_range,visualization_msgs/Marker
publish,/freedom,/freedom/scan_voxels,sensor_msgs/PointCloud2
publish,/freedom,/freedom/static_blocks,sensor_msgs/PointCloud2
publish,/freedom,/freedom/static_pointcloud,sensor_msgs/PointCloud2
publish,/static_pointcloud_viz,/freedom/static_pointcloud_viz,sensor_msgs/PointCloud2
publish,/freedom,/freedom/static_subvoxels,sensor_msgs/PointCloud2
publish,/freedom,/freedom/static_voxels,sensor_msgs/PointCloud2
publish,/gazebo,/gazebo/link_states,gazebo_msgs/LinkStates
publish,/gazebo,/gazebo/model_states,gazebo_msgs/ModelStates
publish,/gazebo,/gazebo/parameter_descriptions,dynamic_reconfigure/ConfigDescription
publish,/gazebo,/gazebo/parameter_updates,dynamic_reconfigure/Config
publish,/gazebo,/gazebo/performance_metrics,gazebo_msgs/PerformanceMetrics
publish,/gazebo,/livox/imu,sensor_msgs/Imu
publish,/gazebo,/livox/lidar,sensor_msgs/PointCloud2
publish,/mavros,/mavlink/from,mavros_msgs/Mavlink
publish,/mavros,/mavlink/gcs_ip,std_msgs/String
publish,/mavros,/mavros/adsb/vehicle,mavros_msgs/ADSBVehicle
publish,/mavros,/mavros/altitude,mavros_msgs/Altitude
publish,/mavros,/mavros/battery,sensor_msgs/BatteryState
publish,/mavros,/mavros/cam_imu_sync/cam_imu_stamp,mavros_msgs/CamIMUStamp
publish,/mavros,/mavros/camera/image_captured,mavros_msgs/CameraImageCaptured
publish,/mavros,/mavros/debug_value/debug,mavros_msgs/DebugValue
publish,/mavros,/mavros/debug_value/debug_float_array,mavros_msgs/DebugValue
publish,/mavros,/mavros/debug_value/debug_vector,mavros_msgs/DebugValue
publish,/mavros,/mavros/debug_value/named_value_float,mavros_msgs/DebugValue
publish,/mavros,/mavros/debug_value/named_value_int,mavros_msgs/DebugValue
publish,/mavros,/mavros/esc_info,mavros_msgs/ESCInfo
publish,/mavros,/mavros/esc_status,mavros_msgs/ESCStatus
publish,/mavros,/mavros/esc_telemetry,mavros_msgs/ESCTelemetry
publish,/mavros,/mavros/estimator_status,mavros_msgs/EstimatorStatus
publish,/mavros,/mavros/extended_state,mavros_msgs/ExtendedState
publish,/mavros,/mavros/geofence/waypoints,mavros_msgs/WaypointList
publish,/mavros,/mavros/global_position/compass_hdg,std_msgs/Float64
publish,/mavros,/mavros/global_position/global,sensor_msgs/NavSatFix
publish,/mavros,/mavros/global_position/gp_lp_offset,geometry_msgs/PoseStamped
publish,/mavros,/mavros/global_position/gp_origin,geographic_msgs/GeoPointStamped
publish,/mavros,/mavros/global_position/local,nav_msgs/Odometry
publish,/mavros,/mavros/global_position/raw/fix,sensor_msgs/NavSatFix
publish,/mavros,/mavros/global_position/raw/gps_vel,geometry_msgs/TwistStamped
publish,/mavros,/mavros/global_position/raw/satellites,std_msgs/UInt32
publish,/mavros,/mavros/global_position/rel_alt,std_msgs/Float64
publish,/mavros,/mavros/gps_rtk/rtk_baseline,mavros_msgs/RTKBaseline
publish,/mavros,/mavros/gpsstatus/gps1/raw,mavros_msgs/GPSRAW
publish,/mavros,/mavros/gpsstatus/gps1/rtk,mavros_msgs/GPSRTK
publish,/mavros,/mavros/gpsstatus/gps2/raw,mavros_msgs/GPSRAW
publish,/mavros,/mavros/gpsstatus/gps2/rtk,mavros_msgs/GPSRTK
publish,/mavros,/mavros/hil/actuator_controls,mavros_msgs/HilActuatorControls
publish,/mavros,/mavros/hil/controls,mavros_msgs/HilControls
publish,/mavros,/mavros/home_position/home,mavros_msgs/HomePosition
publish,/mavros,/mavros/imu/data,sensor_msgs/Imu
publish,/mavros,/mavros/imu/data_raw,sensor_msgs/Imu
publish,/mavros,/mavros/imu/diff_pressure,sensor_msgs/FluidPressure
publish,/mavros,/mavros/imu/mag,sensor_msgs/MagneticField
publish,/mavros,/mavros/imu/static_pressure,sensor_msgs/FluidPressure
publish,/mavros,/mavros/imu/temperature_baro,sensor_msgs/Temperature
publish,/mavros,/mavros/imu/temperature_imu,sensor_msgs/Temperature
publish,/mavros,/mavros/landing_target/lt_marker,geometry_msgs/Vector3Stamped
publish,/mavros,/mavros/landing_target/pose_in,geometry_msgs/PoseStamped
publish,/mavros,/mavros/local_position/accel,geometry_msgs/AccelWithCovarianceStamped
publish,/mavros,/mavros/local_position/odom,nav_msgs/Odometry
publish,/mavros,/mavros/local_position/pose,geometry_msgs/PoseStamped
publish,/mavros,/mavros/local_position/pose_cov,geometry_msgs/PoseWithCovarianceStamped
publish,/mavros,/mavros/local_position/velocity_body,geometry_msgs/TwistStamped
publish,/mavros,/mavros/local_position/velocity_body_cov,geometry_msgs/TwistWithCovarianceStamped
publish,/mavros,/mavros/local_position/velocity_local,geometry_msgs/TwistStamped
publish,/mavros,/mavros/log_transfer/raw/log_data,mavros_msgs/LogData
publish,/mavros,/mavros/log_transfer/raw/log_entry,mavros_msgs/LogEntry
publish,/mavros,/mavros/mag_calibration/report,mavros_msgs/MagnetometerReporter
publish,/mavros,/mavros/mag_calibration/status,std_msgs/UInt8
publish,/mavros,/mavros/manual_control/control,mavros_msgs/ManualControl
publish,/mavros,/mavros/mission/reached,mavros_msgs/WaypointReached
publish,/mavros,/mavros/mission/waypoints,mavros_msgs/WaypointList
publish,/mavros,/mavros/mount_control/orientation,geometry_msgs/Quaternion
publish,/mavros,/mavros/mount_control/status,geometry_msgs/Vector3Stamped
publish,/mavros,/mavros/nav_controller_output,mavros_msgs/NavControllerOutput
publish,/mavros,/mavros/odometry/in,nav_msgs/Odometry
publish,/mavros,/mavros/param/param_value,mavros_msgs/Param
publish,/mavros,/mavros/px4flow/ground_distance,sensor_msgs/Range
publish,/mavros,/mavros/px4flow/raw/optical_flow_rad,mavros_msgs/OpticalFlowRad
publish,/mavros,/mavros/px4flow/temperature,sensor_msgs/Temperature
publish,/mavros,/mavros/radio_status,mavros_msgs/RadioStatus
publish,/mavros,/mavros/rallypoint/waypoints,mavros_msgs/WaypointList
publish,/mavros,/mavros/rc/in,mavros_msgs/RCIn
publish,/mavros,/mavros/rc/out,mavros_msgs/RCOut
publish,/patrol_control,/mavros/setpoint_position/local,geometry_msgs/PoseStamped
publish,/mavros,/mavros/setpoint_raw/target_attitude,mavros_msgs/AttitudeTarget
publish,/mavros,/mavros/setpoint_raw/target_global,mavros_msgs/GlobalPositionTarget
publish,/mavros,/mavros/setpoint_raw/target_local,mavros_msgs/PositionTarget
publish,/mavros,/mavros/setpoint_trajectory/desired,nav_msgs/Path
publish,/mavros,/mavros/state,mavros_msgs/State
publish,/mavros,/mavros/statustext/recv,mavros_msgs/StatusText
publish,/mavros,/mavros/sys_status,mavros_msgs/SysStatus
publish,/mavros,/mavros/target_actuator_control,mavros_msgs/ActuatorControl
publish,/mavros,/mavros/terrain/report,mavros_msgs/TerrainReport
publish,/mavros,/mavros/time_reference,sensor_msgs/TimeReference
publish,/mavros,/mavros/timesync_status,mavros_msgs/TimesyncStatus
publish,/mavros,/mavros/trajectory/desired,mavros_msgs/Trajectory
publish,/mavros,/mavros/tunnel/out,mavros_msgs/Tunnel
publish,/mavros,/mavros/vfr_hud,mavros_msgs/VFR_HUD
publish,/mavros,/mavros/wind_estimation,geometry_msgs/TwistWithCovarianceStamped
publish,/navigation/planner_bridge,/mission/command,patrol_control/MissionCommand
publish,/patrol_control,/mission/control_ready,std_msgs/Bool
publish,/gazebo_contact_monitor,/mission/gazebo_contact_status,std_msgs/String
publish,/planner_anchor_spawner,/mission/planner_anchor_status,std_msgs/String
publish,/random_field_spawner,/mission/random_field_status,std_msgs/String
publish,/release_permission_arbiter,/mission/release_commitment_evidence,uav_vision/ReleaseEvidence
publish,/release_permission_arbiter,/mission/release_permission,uav_mission/ReleasePermission
publish,/release_permission_arbiter,/mission/release_permission_active,std_msgs/Bool
publish,/guarded_servo_proxy,/mission/release_result,uav_mission/ReleaseResult
publish,/gazebo,/mission/uav_contacts_raw,gazebo_msgs/ContactsState
publish,/visual_delivery_audit,/mission/visual_delivery_audit_status,std_msgs/String
publish,/mavros,/move_base_simple/goal,geometry_msgs/PoseStamped
publish,/navigation/mission_manager,/navigation/mission_command_raw,uav_mission/NavigationDecision
publish,/navigation/planner_bridge,/navigation/mission_result,uav_mission/NavigationResult
publish,/navigation_mission_start_gate,/navigation/mission_start_gate_status,std_msgs/String
publish,/navigation/mission_manager,/navigation/mission_status,std_msgs/String
publish,/navigation/planner_bridge,/navigation/planner_bridge_status,std_msgs/String
publish,/laserMapping,/path,nav_msgs/Path
publish,/fast_planner_node,/planning/bspline,plan_manage/Bspline
publish,/fast_planner_node,/planning/goal_status,plan_manage/PlannerStatus
publish,/fast_planner_node,/planning/new,std_msgs/Empty
publish,/traj_server,/planning/pos_cmd,quadrotor_msgs/PositionCommand
publish,/traj_server,/planning/position_cmd_vis,visualization_msgs/Marker
publish,/fast_planner_node,/planning/replan,std_msgs/Empty
publish,/traj_server,/planning/travel_traj,visualization_msgs/Marker
publish,/fast_planner_node,/planning_vis/frontier,visualization_msgs/Marker
publish,/fast_planner_node,/planning_vis/prediction,visualization_msgs/Marker
publish,/fast_planner_node,/planning_vis/topo_path,visualization_msgs/Marker
publish,/fast_planner_node,/planning_vis/trajectory,visualization_msgs/Marker
publish,/fast_planner_node,/planning_vis/visib_constraint,visualization_msgs/Marker
publish,/fast_planner_node,/planning_vis/yaw,visualization_msgs/Marker
publish,/circle_detector,/rosout,rosgraph_msgs/Log
publish,/cross_detector,/rosout,rosgraph_msgs/Log
publish,/detection_fusion,/rosout,rosgraph_msgs/Log
publish,/downward_camera_extrinsic,/rosout,rosgraph_msgs/Log
publish,/drop_aligner,/rosout,rosgraph_msgs/Log
publish,/fast_planner_node,/rosout,rosgraph_msgs/Log
publish,/freedom,/rosout,rosgraph_msgs/Log
publish,/gazebo,/rosout,rosgraph_msgs/Log
publish,/gazebo_contact_monitor,/rosout,rosgraph_msgs/Log
publish,/guarded_servo_proxy,/rosout,rosgraph_msgs/Log
publish,/landing_detector,/rosout,rosgraph_msgs/Log
publish,/laserMapping,/rosout,rosgraph_msgs/Log
publish,/mavros,/rosout,rosgraph_msgs/Log
publish,/mock_raw_servo_server,/rosout,rosgraph_msgs/Log
publish,/navigation/mission_manager,/rosout,rosgraph_msgs/Log
publish,/navigation/planner_bridge,/rosout,rosgraph_msgs/Log
publish,/navigation_mission_start_gate,/rosout,rosgraph_msgs/Log
publish,/navigation_vcl06_assertion,/rosout,rosgraph_msgs/Log
publish,/patrol_control,/rosout,rosgraph_msgs/Log
publish,/planner_anchor_spawner,/rosout,rosgraph_msgs/Log
publish,/random_field_spawner,/rosout,rosgraph_msgs/Log
publish,/release_permission_arbiter,/rosout,rosgraph_msgs/Log
publish,/static_pointcloud_viz,/rosout,rosgraph_msgs/Log
publish,/target_detector,/rosout,rosgraph_msgs/Log
publish,/target_map_projector,/rosout,rosgraph_msgs/Log
publish,/target_memory,/rosout,rosgraph_msgs/Log
publish,/target_refiner,/rosout,rosgraph_msgs/Log
publish,/traj_server,/rosout,rosgraph_msgs/Log
publish,/uav_arming_node,/rosout,rosgraph_msgs/Log
publish,/vision_pose_tf,/rosout,rosgraph_msgs/Log
publish,/visual_delivery_audit,/rosout,rosgraph_msgs/Log
publish,/waypoint_generator,/rosout,rosgraph_msgs/Log
publish,/rosout,/rosout_agg,rosgraph_msgs/Log
publish,/fast_planner_node,/sdf_map/depth_cloud,sensor_msgs/PointCloud2
publish,/fast_planner_node,/sdf_map/esdf,sensor_msgs/PointCloud2
publish,/fast_planner_node,/sdf_map/occupancy,sensor_msgs/PointCloud2
publish,/fast_planner_node,/sdf_map/occupancy_inflate,sensor_msgs/PointCloud2
publish,/fast_planner_node,/sdf_map/unknown,sensor_msgs/PointCloud2
publish,/fast_planner_node,/sdf_map/update_range,visualization_msgs/Marker
publish,/gazebo,/tf,tf2_msgs/TFMessage
publish,/laserMapping,/tf,tf2_msgs/TFMessage
publish,/mavros,/tf,tf2_msgs/TFMessage
publish,/vision_pose_tf,/tf,tf2_msgs/TFMessage
publish,/downward_camera_extrinsic,/tf_static,tf2_msgs/TFMessage
publish,/mavros,/tf_static,tf2_msgs/TFMessage
publish,/mock_raw_servo_server,/uav_mission/mock_raw_servo_calls,std_msgs/UInt8
publish,/patrol_control,/uav_vision/align_mode,std_msgs/String
publish,/navigation/planner_bridge,/uav_vision/alignment_target_context,uav_vision/AlignmentTargetContext
publish,/circle_detector,/uav_vision/circle_debug,sensor_msgs/Image
publish,/cross_detector,/uav_vision/cross_debug,sensor_msgs/Image
publish,/cross_detector,/uav_vision/debug_image,sensor_msgs/Image
publish,/landing_detector,/uav_vision/debug_image,sensor_msgs/Image
publish,/circle_detector,/uav_vision/detections,uav_vision/TargetDetectionArray
publish,/cross_detector,/uav_vision/detections,uav_vision/TargetDetectionArray
publish,/landing_detector,/uav_vision/detections,uav_vision/TargetDetectionArray
publish,/target_detector,/uav_vision/detections,uav_vision/TargetDetectionArray
publish,/target_map_projector,/uav_vision/detections_mapped,uav_vision/TargetDetectionArray
publish,/target_refiner,/uav_vision/detections_refined,uav_vision/TargetDetectionArray
publish,/detection_fusion,/uav_vision/detections_resolved,uav_vision/TargetDetectionArray
publish,/drop_aligner,/uav_vision/drop_offset,uav_vision/DropOffset
publish,/drop_aligner,/uav_vision/drop_ready,uav_vision/DropReady
publish,/target_detector,/uav_vision/perf,diagnostic_msgs/DiagnosticArray
publish,/drop_aligner,/uav_vision/release_evidence,uav_vision/ReleaseEvidence
publish,/drop_aligner,/uav_vision/release_evidence_context,uav_vision/ReleaseEvidenceContext
publish,/target_memory,/uav_vision/selected_target,uav_vision/TargetCandidate
publish,/target_memory,/uav_vision/targets,uav_vision/TargetCandidateArray
publish,/waypoint_generator,/waypoint_generator/waypoints,nav_msgs/Path
publish,/waypoint_generator,/waypoint_generator/waypoints_vis,geometry_msgs/PoseArray
subscribe,/clock,/circle_detector,rosgraph_msgs/Clock
subscribe,/clock,/cross_detector,rosgraph_msgs/Clock
subscribe,/clock,/detection_fusion,rosgraph_msgs/Clock
subscribe,/clock,/downward_camera_extrinsic,rosgraph_msgs/Clock
subscribe,/clock,/drop_aligner,rosgraph_msgs/Clock
subscribe,/clock,/fast_planner_node,rosgraph_msgs/Clock
subscribe,/clock,/freedom,rosgraph_msgs/Clock
subscribe,/clock,/gazebo,rosgraph_msgs/Clock
subscribe,/clock,/gazebo_contact_monitor,rosgraph_msgs/Clock
subscribe,/clock,/guarded_servo_proxy,rosgraph_msgs/Clock
subscribe,/clock,/landing_detector,rosgraph_msgs/Clock
subscribe,/clock,/laserMapping,rosgraph_msgs/Clock
subscribe,/clock,/mavros,rosgraph_msgs/Clock
subscribe,/clock,/mock_raw_servo_server,rosgraph_msgs/Clock
subscribe,/clock,/navigation/mission_manager,rosgraph_msgs/Clock
subscribe,/clock,/navigation/planner_bridge,rosgraph_msgs/Clock
subscribe,/clock,/navigation_mission_start_gate,rosgraph_msgs/Clock
subscribe,/clock,/navigation_vcl06_assertion,rosgraph_msgs/Clock
subscribe,/clock,/patrol_control,rosgraph_msgs/Clock
subscribe,/clock,/planner_anchor_spawner,rosgraph_msgs/Clock
subscribe,/clock,/random_field_spawner,rosgraph_msgs/Clock
subscribe,/clock,/release_permission_arbiter,rosgraph_msgs/Clock
subscribe,/clock,/rosout,rosgraph_msgs/Clock
subscribe,/clock,/static_pointcloud_viz,rosgraph_msgs/Clock
subscribe,/clock,/target_detector,rosgraph_msgs/Clock
subscribe,/clock,/target_map_projector,rosgraph_msgs/Clock
subscribe,/clock,/target_memory,rosgraph_msgs/Clock
subscribe,/clock,/target_refiner,rosgraph_msgs/Clock
subscribe,/clock,/traj_server,rosgraph_msgs/Clock
subscribe,/clock,/uav_arming_node,rosgraph_msgs/Clock
subscribe,/clock,/vision_pose_tf,rosgraph_msgs/Clock
subscribe,/clock,/visual_delivery_audit,rosgraph_msgs/Clock
subscribe,/clock,/waypoint_generator,rosgraph_msgs/Clock
subscribe,/cloud_registered_body,/freedom,sensor_msgs/PointCloud2
subscribe,/detect/point_class,/navigation/planner_bridge,std_msgs/Int8
subscribe,/detect/point_class,/release_permission_arbiter,std_msgs/Int8
subscribe,/detect/point_class,/visual_delivery_audit,std_msgs/Int8
subscribe,/downward_camera/camera_info,/circle_detector,sensor_msgs/CameraInfo
subscribe,/downward_camera/camera_info,/cross_detector,sensor_msgs/CameraInfo
subscribe,/downward_camera/camera_info,/drop_aligner,sensor_msgs/CameraInfo
subscribe,/downward_camera/camera_info,/landing_detector,sensor_msgs/CameraInfo
subscribe,/downward_camera/camera_info,/target_map_projector,sensor_msgs/CameraInfo
subscribe,/downward_camera/image_raw,/circle_detector,sensor_msgs/Image
subscribe,/downward_camera/image_raw,/cross_detector,sensor_msgs/Image
subscribe,/downward_camera/image_raw,/landing_detector,sensor_msgs/Image
subscribe,/downward_camera/image_raw,/target_detector,sensor_msgs/Image
subscribe,/fastplanner/goal,/fast_planner_node,geometry_msgs/PoseStamped
subscribe,/fastplanner/goal,/traj_server,geometry_msgs/PoseStamped
subscribe,/fastplanner/setpoint_position/local,/patrol_control,geometry_msgs/PoseStamped
subscribe,/freedom/static_pointcloud,/fast_planner_node,sensor_msgs/PointCloud2
subscribe,/freedom/static_pointcloud,/navigation/mission_manager,sensor_msgs/PointCloud2
subscribe,/gazebo/set_link_state,/gazebo,gazebo_msgs/LinkState
subscribe,/gazebo/set_model_state,/gazebo,gazebo_msgs/ModelState
subscribe,/livox/lidar,/laserMapping,sensor_msgs/PointCloud2
subscribe,/mavlink/to,/mavros,mavros_msgs/Mavlink
subscribe,/mavros/actuator_control,/mavros,mavros_msgs/ActuatorControl
subscribe,/mavros/adsb/send,/mavros,mavros_msgs/ADSBVehicle
subscribe,/mavros/cellular_status/status,/mavros,mavros_msgs/CellularStatus
subscribe,/mavros/companion_process/status,/mavros,mavros_msgs/CompanionProcessStatus
subscribe,/mavros/debug_value/send,/mavros,mavros_msgs/DebugValue
subscribe,/mavros/extended_state,/navigation/planner_bridge,mavros_msgs/ExtendedState
subscribe,/mavros/extended_state,/navigation_vcl06_assertion,mavros_msgs/ExtendedState
subscribe,/mavros/fake_gps/mocap/tf,/mavros,geometry_msgs/TransformStamped
subscribe,/mavros/global_position/global,/mavros,sensor_msgs/NavSatFix
subscribe,/mavros/global_position/gp_origin,/mavros,geographic_msgs/GeoPointStamped
subscribe,/mavros/global_position/set_gp_origin,/mavros,geographic_msgs/GeoPointStamped
subscribe,/mavros/gps_input/gps_input,/mavros,mavros_msgs/GPSINPUT
subscribe,/mavros/gps_rtk/send_rtcm,/mavros,mavros_msgs/RTCM
subscribe,/mavros/hil/gps,/mavros,mavros_msgs/HilGPS
subscribe,/mavros/hil/imu_ned,/mavros,mavros_msgs/HilSensor
subscribe,/mavros/hil/optical_flow,/mavros,mavros_msgs/OpticalFlowRad
subscribe,/mavros/hil/rc_inputs,/mavros,mavros_msgs/RCIn
subscribe,/mavros/hil/state,/mavros,mavros_msgs/HilStateQuaternion
subscribe,/mavros/home_position/home,/mavros,mavros_msgs/HomePosition
subscribe,/mavros/home_position/set,/mavros,mavros_msgs/HomePosition
subscribe,/mavros/imu/data,/laserMapping,sensor_msgs/Imu
subscribe,/mavros/landing_target/pose,/mavros,geometry_msgs/PoseStamped
subscribe,/mavros/local_position/odom,/fast_planner_node,nav_msgs/Odometry
subscribe,/mavros/local_position/odom,/navigation/planner_bridge,nav_msgs/Odometry
subscribe,/mavros/local_position/odom,/traj_server,nav_msgs/Odometry
subscribe,/mavros/local_position/odom,/waypoint_generator,nav_msgs/Odometry
subscribe,/mavros/local_position/pose,/mavros,geometry_msgs/PoseStamped
subscribe,/mavros/local_position/pose,/navigation/mission_manager,geometry_msgs/PoseStamped
subscribe,/mavros/local_position/pose,/navigation_vcl06_assertion,geometry_msgs/PoseStamped
subscribe,/mavros/local_position/pose,/patrol_control,geometry_msgs/PoseStamped
subscribe,/mavros/local_position/pose,/release_permission_arbiter,geometry_msgs/PoseStamped
subscribe,/mavros/local_position/pose,/vision_pose_tf,geometry_msgs/PoseStamped
subscribe,/mavros/local_position/pose,/visual_delivery_audit,geometry_msgs/PoseStamped
subscribe,/mavros/manual_control/send,/mavros,mavros_msgs/ManualControl
subscribe,/mavros/mocap/pose,/mavros,geometry_msgs/PoseStamped
subscribe,/mavros/mount_control/command,/mavros,mavros_msgs/MountControl
subscribe,/mavros/obstacle/send,/mavros,sensor_msgs/LaserScan
subscribe,/mavros/odometry/out,/mavros,nav_msgs/Odometry
subscribe,/mavros/onboard_computer/status,/mavros,mavros_msgs/OnboardComputerStatus
subscribe,/mavros/play_tune,/mavros,mavros_msgs/PlayTuneV2
subscribe,/mavros/px4flow/raw/send,/mavros,mavros_msgs/OpticalFlowRad
subscribe,/mavros/rc/override,/mavros,mavros_msgs/OverrideRCIn
subscribe,/mavros/setpoint_accel/accel,/mavros,geometry_msgs/Vector3Stamped
subscribe,/mavros/setpoint_attitude/cmd_vel,/mavros,geometry_msgs/TwistStamped
subscribe,/mavros/setpoint_attitude/thrust,/mavros,mavros_msgs/Thrust
subscribe,/mavros/setpoint_position/global,/mavros,geographic_msgs/GeoPoseStamped
subscribe,/mavros/setpoint_position/global_to_local,/mavros,geographic_msgs/GeoPoseStamped
subscribe,/mavros/setpoint_position/local,/mavros,geometry_msgs/PoseStamped
subscribe,/mavros/setpoint_raw/attitude,/mavros,mavros_msgs/AttitudeTarget
subscribe,/mavros/setpoint_raw/global,/mavros,mavros_msgs/GlobalPositionTarget
subscribe,/mavros/setpoint_raw/local,/mavros,mavros_msgs/PositionTarget
subscribe,/mavros/setpoint_trajectory/local,/mavros,trajectory_msgs/MultiDOFJointTrajectory
subscribe,/mavros/setpoint_velocity/cmd_vel,/mavros,geometry_msgs/TwistStamped
subscribe,/mavros/setpoint_velocity/cmd_vel_unstamped,/mavros,geometry_msgs/Twist
subscribe,/mavros/state,/navigation_vcl06_assertion,mavros_msgs/State
subscribe,/mavros/state,/uav_arming_node,mavros_msgs/State
subscribe,/mavros/statustext/send,/mavros,mavros_msgs/StatusText
subscribe,/mavros/trajectory/generated,/mavros,mavros_msgs/Trajectory
subscribe,/mavros/trajectory/path,/mavros,nav_msgs/Path
subscribe,/mavros/tunnel/in,/mavros,mavros_msgs/Tunnel
subscribe,/mavros/vision_pose/pose,/mavros,geometry_msgs/PoseStamped
subscribe,/mavros/vision_pose/pose_cov,/mavros,geometry_msgs/PoseWithCovarianceStamped
subscribe,/mavros/vision_speed/speed_twist_cov,/mavros,geometry_msgs/TwistWithCovarianceStamped
subscribe,/mission/command,/navigation_vcl06_assertion,patrol_control/MissionCommand
subscribe,/mission/command,/patrol_control,patrol_control/MissionCommand
subscribe,/mission/control_ready,/navigation_mission_start_gate,std_msgs/Bool
subscribe,/mission/gazebo_contact_status,/navigation_vcl06_assertion,std_msgs/String
subscribe,/mission/planner_anchor_status,/navigation_mission_start_gate,std_msgs/String
subscribe,/mission/planner_anchor_status,/navigation_vcl06_assertion,std_msgs/String
subscribe,/mission/random_field_status,/navigation_mission_start_gate,std_msgs/String
subscribe,/mission/random_field_status,/navigation_vcl06_assertion,std_msgs/String
subscribe,/mission/release_commitment_evidence,/visual_delivery_audit,uav_vision/ReleaseEvidence
subscribe,/mission/release_permission,/guarded_servo_proxy,uav_mission/ReleasePermission
subscribe,/mission/release_permission,/visual_delivery_audit,uav_mission/ReleasePermission
subscribe,/mission/release_permission_active,/patrol_control,std_msgs/Bool
subscribe,/mission/release_result,/navigation/planner_bridge,uav_mission/ReleaseResult
subscribe,/mission/release_result,/release_permission_arbiter,uav_mission/ReleaseResult
subscribe,/mission/release_result,/visual_delivery_audit,uav_mission/ReleaseResult
subscribe,/mission/uav_contacts_raw,/gazebo_contact_monitor,gazebo_msgs/ContactsState
subscribe,/move_base_simple/goal,/waypoint_generator,geometry_msgs/PoseStamped
subscribe,/navigation/mission_command_raw,/navigation/planner_bridge,uav_mission/NavigationDecision
subscribe,/navigation/mission_command_raw,/navigation_vcl06_assertion,uav_mission/NavigationDecision
subscribe,/navigation/mission_result,/navigation/mission_manager,uav_mission/NavigationResult
subscribe,/navigation/mission_result,/navigation_vcl06_assertion,uav_mission/NavigationResult
subscribe,/navigation/mission_start_gate_status,/navigation_vcl06_assertion,std_msgs/String
subscribe,/navigation/mission_status,/navigation_mission_start_gate,std_msgs/String
subscribe,/navigation/mission_status,/navigation_vcl06_assertion,std_msgs/String
subscribe,/navigation/planner_bridge_status,/navigation_vcl06_assertion,std_msgs/String
subscribe,/pcl_render_node/camera_pose,/fast_planner_node,geometry_msgs/PoseStamped
subscribe,/pcl_render_node/depth,/fast_planner_node,sensor_msgs/Image
subscribe,/planning/bspline,/traj_server,plan_manage/Bspline
subscribe,/planning/goal_status,/navigation/planner_bridge,plan_manage/PlannerStatus
subscribe,/planning/new,/traj_server,std_msgs/Empty
subscribe,/planning/replan,/traj_server,std_msgs/Empty
subscribe,/rosout,/rosout,rosgraph_msgs/Log
subscribe,/save_map,/freedom,std_msgs/Empty
subscribe,/servo/complete,/patrol_control,std_msgs/Bool
subscribe,/tf,/freedom,tf2_msgs/TFMessage
subscribe,/tf,/mavros,tf2_msgs/TFMessage
subscribe,/tf,/target_map_projector,tf2_msgs/TFMessage
subscribe,/tf_static,/freedom,tf2_msgs/TFMessage
subscribe,/tf_static,/mavros,tf2_msgs/TFMessage
subscribe,/tf_static,/target_map_projector,tf2_msgs/TFMessage
subscribe,/traj_start_trigger,/waypoint_generator,geometry_msgs/PoseStamped
subscribe,/uav_mission/mock_raw_servo_calls,/visual_delivery_audit,std_msgs/UInt8
subscribe,/uav_vision/align_mode,/detection_fusion,std_msgs/String
subscribe,/uav_vision/align_mode,/drop_aligner,std_msgs/String
subscribe,/uav_vision/align_mode,/landing_detector,std_msgs/String
subscribe,/uav_vision/align_mode,/navigation/planner_bridge,std_msgs/String
subscribe,/uav_vision/align_mode,/navigation_vcl06_assertion,std_msgs/String
subscribe,/uav_vision/align_mode,/release_permission_arbiter,std_msgs/String
subscribe,/uav_vision/align_mode,/target_memory,std_msgs/String
subscribe,/uav_vision/align_mode,/visual_delivery_audit,std_msgs/String
subscribe,/uav_vision/alignment_target_context,/drop_aligner,uav_vision/AlignmentTargetContext
subscribe,/uav_vision/detections,/detection_fusion,uav_vision/TargetDetectionArray
subscribe,/uav_vision/detections_mapped,/navigation_vcl06_assertion,uav_vision/TargetDetectionArray
subscribe,/uav_vision/detections_mapped,/patrol_control,uav_vision/TargetDetectionArray
subscribe,/uav_vision/detections_mapped,/target_memory,uav_vision/TargetDetectionArray
subscribe,/uav_vision/detections_refined,/target_map_projector,uav_vision/TargetDetectionArray
subscribe,/uav_vision/detections_resolved,/target_refiner,uav_vision/TargetDetectionArray
subscribe,/uav_vision/drop_offset,/patrol_control,uav_vision/DropOffset
subscribe,/uav_vision/drop_ready,/patrol_control,uav_vision/DropReady
subscribe,/uav_vision/release_evidence,/visual_delivery_audit,uav_vision/ReleaseEvidence
subscribe,/uav_vision/release_evidence_context,/navigation/planner_bridge,uav_vision/ReleaseEvidenceContext
subscribe,/uav_vision/release_evidence_context,/release_permission_arbiter,uav_vision/ReleaseEvidenceContext
subscribe,/uav_vision/release_evidence_context,/visual_delivery_audit,uav_vision/ReleaseEvidenceContext
subscribe,/uav_vision/selected_target,/drop_aligner,uav_vision/TargetCandidate
subscribe,/uav_vision/selected_target,/navigation_vcl06_assertion,uav_vision/TargetCandidate
subscribe,/uav_vision/selected_target,/visual_delivery_audit,uav_vision/TargetCandidate
subscribe,/uav_vision/targets,/drop_aligner,uav_vision/TargetCandidateArray
subscribe,/uav_vision/targets,/navigation/mission_manager,uav_vision/TargetCandidateArray
subscribe,/uav_vision/targets,/navigation/planner_bridge,uav_vision/TargetCandidateArray
