service,providers
/Servo,/guarded_servo_proxy
/circle_detector/get_loggers,/circle_detector
/circle_detector/set_logger_level,/circle_detector
/cross_detector/get_loggers,/cross_detector
/cross_detector/set_logger_level,/cross_detector
/detection_fusion/get_loggers,/detection_fusion
/detection_fusion/set_logger_level,/detection_fusion
/downward_camera/set_camera_info,/gazebo
/downward_camera/set_parameters,/gazebo
/downward_camera_extrinsic/get_loggers,/downward_camera_extrinsic
/downward_camera_extrinsic/set_logger_level,/downward_camera_extrinsic
/drop_aligner/get_loggers,/drop_aligner
/drop_aligner/set_logger_level,/drop_aligner
/fast_planner_node/get_loggers,/fast_planner_node
/fast_planner_node/set_logger_level,/fast_planner_node
/freedom/get_loggers,/freedom
/freedom/set_logger_level,/freedom
/gazebo/apply_body_wrench,/gazebo
/gazebo/apply_joint_effort,/gazebo
/gazebo/clear_body_wrenches,/gazebo
/gazebo/clear_joint_forces,/gazebo
/gazebo/delete_light,/gazebo
/gazebo/delete_model,/gazebo
/gazebo/get_joint_properties,/gazebo
/gazebo/get_light_properties,/gazebo
/gazebo/get_link_properties,/gazebo
/gazebo/get_link_state,/gazebo
/gazebo/get_loggers,/gazebo
/gazebo/get_model_properties,/gazebo
/gazebo/get_model_state,/gazebo
/gazebo/get_physics_properties,/gazebo
/gazebo/get_world_properties,/gazebo
/gazebo/pause_physics,/gazebo
/gazebo/reset_simulation,/gazebo
/gazebo/reset_world,/gazebo
/gazebo/set_joint_properties,/gazebo
/gazebo/set_light_properties,/gazebo
/gazebo/set_link_properties,/gazebo
/gazebo/set_link_state,/gazebo
/gazebo/set_logger_level,/gazebo
/gazebo/set_model_configuration,/gazebo
/gazebo/set_model_state,/gazebo
/gazebo/set_parameters,/gazebo
/gazebo/set_physics_properties,/gazebo
/gazebo/spawn_sdf_model,/gazebo
/gazebo/spawn_urdf_model,/gazebo
/gazebo/unpause_physics,/gazebo
/gazebo_contact_monitor/get_loggers,/gazebo_contact_monitor
/gazebo_contact_monitor/set_logger_level,/gazebo_contact_monitor
/guarded_servo_proxy/get_loggers,/guarded_servo_proxy
/guarded_servo_proxy/set_logger_level,/guarded_servo_proxy
/landing_detector/get_loggers,/landing_detector
/landing_detector/set_logger_level,/landing_detector
/laserMapping/get_loggers,/laserMapping
/laserMapping/set_logger_level,/laserMapping
/legacy/Servo_raw,/mock_raw_servo_server
/mavros/cmd/arming,/mavros
/mavros/cmd/command,/mavros
/mavros/cmd/command_ack,/mavros
/mavros/cmd/command_int,/mavros
/mavros/cmd/land,/mavros
/mavros/cmd/set_home,/mavros
/mavros/cmd/takeoff,/mavros
/mavros/cmd/trigger_control,/mavros
/mavros/cmd/trigger_interval,/mavros
/mavros/cmd/vtol_transition,/mavros
/mavros/ftp/checksum,/mavros
/mavros/ftp/close,/mavros
/mavros/ftp/list,/mavros
/mavros/ftp/mkdir,/mavros
/mavros/ftp/open,/mavros
/mavros/ftp/read,/mavros
/mavros/ftp/remove,/mavros
/mavros/ftp/rename,/mavros
/mavros/ftp/reset,/mavros
/mavros/ftp/rmdir,/mavros
/mavros/ftp/truncate,/mavros
/mavros/ftp/write,/mavros
/mavros/geofence/clear,/mavros
/mavros/geofence/pull,/mavros
/mavros/geofence/push,/mavros
/mavros/get_loggers,/mavros
/mavros/home_position/req_update,/mavros
/mavros/log_transfer/raw/log_request_data,/mavros
/mavros/log_transfer/raw/log_request_end,/mavros
/mavros/log_transfer/raw/log_request_erase,/mavros
/mavros/log_transfer/raw/log_request_list,/mavros
/mavros/mission/clear,/mavros
/mavros/mission/pull,/mavros
/mavros/mission/push,/mavros
/mavros/mission/set_current,/mavros
/mavros/mount_control/configure,/mavros
/mavros/param/get,/mavros
/mavros/param/pull,/mavros
/mavros/param/push,/mavros
/mavros/param/set,/mavros
/mavros/rallypoint/clear,/mavros
/mavros/rallypoint/pull,/mavros
/mavros/rallypoint/push,/mavros
/mavros/set_logger_level,/mavros
/mavros/set_message_interval,/mavros
/mavros/set_mode,/mavros
/mavros/set_stream_rate,/mavros
/mavros/setpoint_position/mav_frame,/mavros
/mavros/setpoint_trajectory/mav_frame,/mavros
/mavros/setpoint_trajectory/reset,/mavros
/mavros/setpoint_velocity/mav_frame,/mavros
/mavros/vehicle_info_get,/mavros
/mock_raw_servo_server/get_loggers,/mock_raw_servo_server
/mock_raw_servo_server/set_logger_level,/mock_raw_servo_server
/navigation/abort_mission,/navigation/mission_manager
/navigation/mission_manager/get_loggers,/navigation/mission_manager
/navigation/mission_manager/set_logger_level,/navigation/mission_manager
/navigation/planner_bridge/get_loggers,/navigation/planner_bridge
/navigation/planner_bridge/set_logger_level,/navigation/planner_bridge
/navigation/start_mission,/navigation/mission_manager
/navigation_mission_start_gate/get_loggers,/navigation_mission_start_gate
/navigation_mission_start_gate/set_logger_level,/navigation_mission_start_gate
/navigation_vcl06_assertion/get_loggers,/navigation_vcl06_assertion
/navigation_vcl06_assertion/set_logger_level,/navigation_vcl06_assertion
/patrol_control/get_loggers,/patrol_control
/patrol_control/set_logger_level,/patrol_control
/planner_anchor_spawner/get_loggers,/planner_anchor_spawner
/planner_anchor_spawner/set_logger_level,/planner_anchor_spawner
/random_field_spawner/get_loggers,/random_field_spawner
/random_field_spawner/set_logger_level,/random_field_spawner
/release_permission_arbiter/get_loggers,/release_permission_arbiter
/release_permission_arbiter/set_logger_level,/release_permission_arbiter
/rosout/get_loggers,/rosout
/rosout/set_logger_level,/rosout
/static_pointcloud_viz/get_loggers,/static_pointcloud_viz
/static_pointcloud_viz/set_logger_level,/static_pointcloud_viz
/target_detector/get_loggers,/target_detector
/target_detector/set_logger_level,/target_detector
/target_map_projector/get_loggers,/target_map_projector
/target_map_projector/set_logger_level,/target_map_projector
/target_map_projector/tf2_frames,/target_map_projector
/target_memory/get_loggers,/target_memory
/target_memory/set_logger_level,/target_memory
/target_refiner/get_loggers,/target_refiner
/target_refiner/set_logger_level,/target_refiner
/traj_server/get_loggers,/traj_server
/traj_server/set_logger_level,/traj_server
/uav_arming_node/get_loggers,/uav_arming_node
/uav_arming_node/set_logger_level,/uav_arming_node
/uav_vision/reset_memory,/target_memory
/vision_pose_tf/get_loggers,/vision_pose_tf
/vision_pose_tf/set_logger_level,/vision_pose_tf
/visual_delivery_audit/get_loggers,/visual_delivery_audit
/visual_delivery_audit/set_logger_level,/visual_delivery_audit
/waypoint_generator/get_loggers,/waypoint_generator
/waypoint_generator/set_logger_level,/waypoint_generator
