topic,type,publishers,subscribers
/Laser_map,sensor_msgs/PointCloud2,/laserMapping,
/Odometry,nav_msgs/Odometry,/laserMapping,
/clock,rosgraph_msgs/Clock,/gazebo,/circle_detector;/cross_detector;/detection_fusion;/downward_camera_extrinsic;/drop_aligner;/fast_planner_node;/freedom;/gazebo;/gazebo_contact_monitor;/guarded_servo_proxy;/landing_detector;/laserMapping;/mavros;/mock_raw_servo_server;/navigation/mission_manager;/navigation/planner_bridge;/navigation_mission_start_gate;/navigation_vcl06_assertion;/patrol_control;/planner_anchor_spawner;/random_field_spawner;/release_permission_arbiter;/rosout;/static_pointcloud_viz;/target_detector;/target_map_projector;/target_memory;/target_refiner;/traj_server;/uav_arming_node;/vision_pose_tf;/visual_delivery_audit;/waypoint_generator
/cloud_effected,sensor_msgs/PointCloud2,/laserMapping,
/cloud_registered,sensor_msgs/PointCloud2,/laserMapping,
/cloud_registered_body,sensor_msgs/PointCloud2,/laserMapping,/freedom
/control1,std_msgs/Bool,/patrol_control,
/control2,std_msgs/Bool,/patrol_control,
/control3,std_msgs/Bool,/patrol_control,
/detect/point_class,std_msgs/Int8,/patrol_control,/navigation/planner_bridge;/release_permission_arbiter;/visual_delivery_audit
/diagnostics,diagnostic_msgs/DiagnosticArray,/mavros,
/downward_camera/camera_info,sensor_msgs/CameraInfo,/gazebo,/circle_detector;/cross_detector;/drop_aligner;/landing_detector;/target_map_projector
/downward_camera/image_raw,sensor_msgs/Image,/gazebo,/circle_detector;/cross_detector;/landing_detector;/target_detector
/downward_camera/parameter_descriptions,dynamic_reconfigure/ConfigDescription,/gazebo,
/downward_camera/parameter_updates,dynamic_reconfigure/Config,/gazebo,
/fastplanner/goal,geometry_msgs/PoseStamped,/navigation/planner_bridge,/fast_planner_node;/traj_server
/fastplanner/setpoint_position/local,geometry_msgs/PoseStamped,/traj_server,/patrol_control
/freedom/clusters,sensor_msgs/PointCloud2,/freedom,
/freedom/depth_image,sensor_msgs/Image,/freedom,
/freedom/enhanced_depth_image,sensor_msgs/Image,/freedom,
/freedom/enhanced_pointcloud,sensor_msgs/PointCloud2,/freedom,
/freedom/free_blocks,sensor_msgs/PointCloud2,/freedom,
/freedom/free_voxels,sensor_msgs/PointCloud2,/freedom,
/freedom/local_map_range,visualization_msgs/Marker,/freedom,
/freedom/raycast_range,visualization_msgs/Marker,/freedom,
/freedom/raycasted_blocks,sensor_msgs/PointCloud2,/freedom,
/freedom/raycasted_voxels,sensor_msgs/PointCloud2,/freedom,
/freedom/scan_blocks,sensor_msgs/PointCloud2,/freedom,
/freedom/scan_map_range,visualization_msgs/Marker,/freedom,
/freedom/scan_voxels,sensor_msgs/PointCloud2,/freedom,
/freedom/static_blocks,sensor_msgs/PointCloud2,/freedom,
/freedom/static_pointcloud,sensor_msgs/PointCloud2,/freedom,/fast_planner_node;/navigation/mission_manager
/freedom/static_pointcloud_viz,sensor_msgs/PointCloud2,/static_pointcloud_viz,
/freedom/static_subvoxels,sensor_msgs/PointCloud2,/freedom,
/freedom/static_voxels,sensor_msgs/PointCloud2,/freedom,
/gazebo/link_states,gazebo_msgs/LinkStates,/gazebo,
/gazebo/model_states,gazebo_msgs/ModelStates,/gazebo,
/gazebo/parameter_descriptions,dynamic_reconfigure/ConfigDescription,/gazebo,
/gazebo/parameter_updates,dynamic_reconfigure/Config,/gazebo,
/gazebo/performance_metrics,gazebo_msgs/PerformanceMetrics,/gazebo,
/gazebo/set_link_state,gazebo_msgs/LinkState,,/gazebo
/gazebo/set_model_state,gazebo_msgs/ModelState,,/gazebo
/livox/imu,sensor_msgs/Imu,/gazebo,
/livox/lidar,sensor_msgs/PointCloud2,/gazebo,/laserMapping
/mavlink/from,mavros_msgs/Mavlink,/mavros,
/mavlink/gcs_ip,std_msgs/String,/mavros,
/mavlink/to,mavros_msgs/Mavlink,,/mavros
/mavros/actuator_control,mavros_msgs/ActuatorControl,,/mavros
/mavros/adsb/send,mavros_msgs/ADSBVehicle,,/mavros
/mavros/adsb/vehicle,mavros_msgs/ADSBVehicle,/mavros,
/mavros/altitude,mavros_msgs/Altitude,/mavros,
/mavros/battery,sensor_msgs/BatteryState,/mavros,
/mavros/cam_imu_sync/cam_imu_stamp,mavros_msgs/CamIMUStamp,/mavros,
/mavros/camera/image_captured,mavros_msgs/CameraImageCaptured,/mavros,
/mavros/cellular_status/status,mavros_msgs/CellularStatus,,/mavros
/mavros/companion_process/status,mavros_msgs/CompanionProcessStatus,,/mavros
/mavros/debug_value/debug,mavros_msgs/DebugValue,/mavros,
/mavros/debug_value/debug_float_array,mavros_msgs/DebugValue,/mavros,
/mavros/debug_value/debug_vector,mavros_msgs/DebugValue,/mavros,
/mavros/debug_value/named_value_float,mavros_msgs/DebugValue,/mavros,
/mavros/debug_value/named_value_int,mavros_msgs/DebugValue,/mavros,
/mavros/debug_value/send,mavros_msgs/DebugValue,,/mavros
/mavros/esc_info,mavros_msgs/ESCInfo,/mavros,
/mavros/esc_status,mavros_msgs/ESCStatus,/mavros,
/mavros/esc_telemetry,mavros_msgs/ESCTelemetry,/mavros,
/mavros/estimator_status,mavros_msgs/EstimatorStatus,/mavros,
/mavros/extended_state,mavros_msgs/ExtendedState,/mavros,/navigation/planner_bridge;/navigation_vcl06_assertion
/mavros/fake_gps/mocap/tf,geometry_msgs/TransformStamped,,/mavros
/mavros/geofence/waypoints,mavros_msgs/WaypointList,/mavros,
/mavros/global_position/compass_hdg,std_msgs/Float64,/mavros,
/mavros/global_position/global,sensor_msgs/NavSatFix,/mavros,/mavros
/mavros/global_position/gp_lp_offset,geometry_msgs/PoseStamped,/mavros,
/mavros/global_position/gp_origin,geographic_msgs/GeoPointStamped,/mavros,/mavros
/mavros/global_position/local,nav_msgs/Odometry,/mavros,
/mavros/global_position/raw/fix,sensor_msgs/NavSatFix,/mavros,
/mavros/global_position/raw/gps_vel,geometry_msgs/TwistStamped,/mavros,
/mavros/global_position/raw/satellites,std_msgs/UInt32,/mavros,
/mavros/global_position/rel_alt,std_msgs/Float64,/mavros,
/mavros/global_position/set_gp_origin,geographic_msgs/GeoPointStamped,,/mavros
/mavros/gps_input/gps_input,mavros_msgs/GPSINPUT,,/mavros
/mavros/gps_rtk/rtk_baseline,mavros_msgs/RTKBaseline,/mavros,
/mavros/gps_rtk/send_rtcm,mavros_msgs/RTCM,,/mavros
/mavros/gpsstatus/gps1/raw,mavros_msgs/GPSRAW,/mavros,
/mavros/gpsstatus/gps1/rtk,mavros_msgs/GPSRTK,/mavros,
/mavros/gpsstatus/gps2/raw,mavros_msgs/GPSRAW,/mavros,
/mavros/gpsstatus/gps2/rtk,mavros_msgs/GPSRTK,/mavros,
/mavros/hil/actuator_controls,mavros_msgs/HilActuatorControls,/mavros,
/mavros/hil/controls,mavros_msgs/HilControls,/mavros,
/mavros/hil/gps,mavros_msgs/HilGPS,,/mavros
/mavros/hil/imu_ned,mavros_msgs/HilSensor,,/mavros
/mavros/hil/optical_flow,mavros_msgs/OpticalFlowRad,,/mavros
/mavros/hil/rc_inputs,mavros_msgs/RCIn,,/mavros
/mavros/hil/state,mavros_msgs/HilStateQuaternion,,/mavros
/mavros/home_position/home,mavros_msgs/HomePosition,/mavros,/mavros
/mavros/home_position/set,mavros_msgs/HomePosition,,/mavros
/mavros/imu/data,sensor_msgs/Imu,/mavros,/laserMapping
/mavros/imu/data_raw,sensor_msgs/Imu,/mavros,
/mavros/imu/diff_pressure,sensor_msgs/FluidPressure,/mavros,
/mavros/imu/mag,sensor_msgs/MagneticField,/mavros,
/mavros/imu/static_pressure,sensor_msgs/FluidPressure,/mavros,
/mavros/imu/temperature_baro,sensor_msgs/Temperature,/mavros,
/mavros/imu/temperature_imu,sensor_msgs/Temperature,/mavros,
/mavros/landing_target/lt_marker,geometry_msgs/Vector3Stamped,/mavros,
/mavros/landing_target/pose,geometry_msgs/PoseStamped,,/mavros
/mavros/landing_target/pose_in,geometry_msgs/PoseStamped,/mavros,
/mavros/local_position/accel,geometry_msgs/AccelWithCovarianceStamped,/mavros,
/mavros/local_position/odom,nav_msgs/Odometry,/mavros,/fast_planner_node;/navigation/planner_bridge;/traj_server;/waypoint_generator
/mavros/local_position/pose,geometry_msgs/PoseStamped,/mavros,/mavros;/navigation/mission_manager;/navigation_vcl06_assertion;/patrol_control;/release_permission_arbiter;/vision_pose_tf;/visual_delivery_audit
/mavros/local_position/pose_cov,geometry_msgs/PoseWithCovarianceStamped,/mavros,
/mavros/local_position/velocity_body,geometry_msgs/TwistStamped,/mavros,
/mavros/local_position/velocity_body_cov,geometry_msgs/TwistWithCovarianceStamped,/mavros,
/mavros/local_position/velocity_local,geometry_msgs/TwistStamped,/mavros,
/mavros/log_transfer/raw/log_data,mavros_msgs/LogData,/mavros,
/mavros/log_transfer/raw/log_entry,mavros_msgs/LogEntry,/mavros,
/mavros/mag_calibration/report,mavros_msgs/MagnetometerReporter,/mavros,
/mavros/mag_calibration/status,std_msgs/UInt8,/mavros,
/mavros/manual_control/control,mavros_msgs/ManualControl,/mavros,
/mavros/manual_control/send,mavros_msgs/ManualControl,,/mavros
/mavros/mission/reached,mavros_msgs/WaypointReached,/mavros,
/mavros/mission/waypoints,mavros_msgs/WaypointList,/mavros,
/mavros/mocap/pose,geometry_msgs/PoseStamped,,/mavros
/mavros/mount_control/command,mavros_msgs/MountControl,,/mavros
/mavros/mount_control/orientation,geometry_msgs/Quaternion,/mavros,
/mavros/mount_control/status,geometry_msgs/Vector3Stamped,/mavros,
/mavros/nav_controller_output,mavros_msgs/NavControllerOutput,/mavros,
/mavros/obstacle/send,sensor_msgs/LaserScan,,/mavros
/mavros/odometry/in,nav_msgs/Odometry,/mavros,
/mavros/odometry/out,nav_msgs/Odometry,,/mavros
/mavros/onboard_computer/status,mavros_msgs/OnboardComputerStatus,,/mavros
/mavros/param/param_value,mavros_msgs/Param,/mavros,
/mavros/play_tune,mavros_msgs/PlayTuneV2,,/mavros
/mavros/px4flow/ground_distance,sensor_msgs/Range,/mavros,
/mavros/px4flow/raw/optical_flow_rad,mavros_msgs/OpticalFlowRad,/mavros,
/mavros/px4flow/raw/send,mavros_msgs/OpticalFlowRad,,/mavros
/mavros/px4flow/temperature,sensor_msgs/Temperature,/mavros,
/mavros/radio_status,mavros_msgs/RadioStatus,/mavros,
/mavros/rallypoint/waypoints,mavros_msgs/WaypointList,/mavros,
/mavros/rc/in,mavros_msgs/RCIn,/mavros,
/mavros/rc/out,mavros_msgs/RCOut,/mavros,
/mavros/rc/override,mavros_msgs/OverrideRCIn,,/mavros
/mavros/setpoint_accel/accel,geometry_msgs/Vector3Stamped,,/mavros
/mavros/setpoint_attitude/cmd_vel,geometry_msgs/TwistStamped,,/mavros
/mavros/setpoint_attitude/thrust,mavros_msgs/Thrust,,/mavros
/mavros/setpoint_position/global,geographic_msgs/GeoPoseStamped,,/mavros
/mavros/setpoint_position/global_to_local,geographic_msgs/GeoPoseStamped,,/mavros
/mavros/setpoint_position/local,geometry_msgs/PoseStamped,/patrol_control,/mavros
/mavros/setpoint_raw/attitude,mavros_msgs/AttitudeTarget,,/mavros
/mavros/setpoint_raw/global,mavros_msgs/GlobalPositionTarget,,/mavros
/mavros/setpoint_raw/local,mavros_msgs/PositionTarget,,/mavros
/mavros/setpoint_raw/target_attitude,mavros_msgs/AttitudeTarget,/mavros,
/mavros/setpoint_raw/target_global,mavros_msgs/GlobalPositionTarget,/mavros,
/mavros/setpoint_raw/target_local,mavros_msgs/PositionTarget,/mavros,
/mavros/setpoint_trajectory/desired,nav_msgs/Path,/mavros,
/mavros/setpoint_trajectory/local,trajectory_msgs/MultiDOFJointTrajectory,,/mavros
/mavros/setpoint_velocity/cmd_vel,geometry_msgs/TwistStamped,,/mavros
/mavros/setpoint_velocity/cmd_vel_unstamped,geometry_msgs/Twist,,/mavros
/mavros/state,mavros_msgs/State,/mavros,/navigation_vcl06_assertion;/uav_arming_node
/mavros/statustext/recv,mavros_msgs/StatusText,/mavros,
/mavros/statustext/send,mavros_msgs/StatusText,,/mavros
/mavros/sys_status,mavros_msgs/SysStatus,/mavros,
/mavros/target_actuator_control,mavros_msgs/ActuatorControl,/mavros,
/mavros/terrain/report,mavros_msgs/TerrainReport,/mavros,
/mavros/time_reference,sensor_msgs/TimeReference,/mavros,
/mavros/timesync_status,mavros_msgs/TimesyncStatus,/mavros,
/mavros/trajectory/desired,mavros_msgs/Trajectory,/mavros,
/mavros/trajectory/generated,mavros_msgs/Trajectory,,/mavros
/mavros/trajectory/path,nav_msgs/Path,,/mavros
/mavros/tunnel/in,mavros_msgs/Tunnel,,/mavros
/mavros/tunnel/out,mavros_msgs/Tunnel,/mavros,
/mavros/vfr_hud,mavros_msgs/VFR_HUD,/mavros,
/mavros/vision_pose/pose,geometry_msgs/PoseStamped,,/mavros
/mavros/vision_pose/pose_cov,geometry_msgs/PoseWithCovarianceStamped,,/mavros
/mavros/vision_speed/speed_twist_cov,geometry_msgs/TwistWithCovarianceStamped,,/mavros
/mavros/wind_estimation,geometry_msgs/TwistWithCovarianceStamped,/mavros,
/mission/command,patrol_control/MissionCommand,/navigation/planner_bridge,/navigation_vcl06_assertion;/patrol_control
/mission/control_ready,std_msgs/Bool,/patrol_control,/navigation_mission_start_gate
/mission/gazebo_contact_status,std_msgs/String,/gazebo_contact_monitor,/navigation_vcl06_assertion
/mission/planner_anchor_status,std_msgs/String,/planner_anchor_spawner,/navigation_mission_start_gate;/navigation_vcl06_assertion
/mission/random_field_status,std_msgs/String,/random_field_spawner,/navigation_mission_start_gate;/navigation_vcl06_assertion
/mission/release_commitment_evidence,uav_vision/ReleaseEvidence,/release_permission_arbiter,/visual_delivery_audit
/mission/release_permission,uav_mission/ReleasePermission,/release_permission_arbiter,/guarded_servo_proxy;/visual_delivery_audit
/mission/release_permission_active,std_msgs/Bool,/release_permission_arbiter,/patrol_control
/mission/release_result,uav_mission/ReleaseResult,/guarded_servo_proxy,/navigation/planner_bridge;/release_permission_arbiter;/visual_delivery_audit
/mission/uav_contacts_raw,gazebo_msgs/ContactsState,/gazebo,/gazebo_contact_monitor
/mission/visual_delivery_audit_status,std_msgs/String,/visual_delivery_audit,
/move_base_simple/goal,geometry_msgs/PoseStamped,/mavros,/waypoint_generator
/navigation/mission_command_raw,uav_mission/NavigationDecision,/navigation/mission_manager,/navigation/planner_bridge;/navigation_vcl06_assertion
/navigation/mission_result,uav_mission/NavigationResult,/navigation/planner_bridge,/navigation/mission_manager;/navigation_vcl06_assertion
/navigation/mission_start_gate_status,std_msgs/String,/navigation_mission_start_gate,/navigation_vcl06_assertion
/navigation/mission_status,std_msgs/String,/navigation/mission_manager,/navigation_mission_start_gate;/navigation_vcl06_assertion
/navigation/planner_bridge_status,std_msgs/String,/navigation/planner_bridge,/navigation_vcl06_assertion
/path,nav_msgs/Path,/laserMapping,
/pcl_render_node/camera_pose,geometry_msgs/PoseStamped,,/fast_planner_node
/pcl_render_node/depth,sensor_msgs/Image,,/fast_planner_node
/planning/bspline,plan_manage/Bspline,/fast_planner_node,/traj_server
/planning/goal_status,plan_manage/PlannerStatus,/fast_planner_node,/navigation/planner_bridge
/planning/new,std_msgs/Empty,/fast_planner_node,/traj_server
/planning/pos_cmd,quadrotor_msgs/PositionCommand,/traj_server,
/planning/position_cmd_vis,visualization_msgs/Marker,/traj_server,
/planning/replan,std_msgs/Empty,/fast_planner_node,/traj_server
/planning/travel_traj,visualization_msgs/Marker,/traj_server,
/planning_vis/frontier,visualization_msgs/Marker,/fast_planner_node,
/planning_vis/prediction,visualization_msgs/Marker,/fast_planner_node,
/planning_vis/topo_path,visualization_msgs/Marker,/fast_planner_node,
/planning_vis/trajectory,visualization_msgs/Marker,/fast_planner_node,
/planning_vis/visib_constraint,visualization_msgs/Marker,/fast_planner_node,
/planning_vis/yaw,visualization_msgs/Marker,/fast_planner_node,
/rosout,rosgraph_msgs/Log,/circle_detector;/cross_detector;/detection_fusion;/downward_camera_extrinsic;/drop_aligner;/fast_planner_node;/freedom;/gazebo;/gazebo_contact_monitor;/guarded_servo_proxy;/landing_detector;/laserMapping;/mavros;/mock_raw_servo_server;/navigation/mission_manager;/navigation/planner_bridge;/navigation_mission_start_gate;/navigation_vcl06_assertion;/patrol_control;/planner_anchor_spawner;/random_field_spawner;/release_permission_arbiter;/static_pointcloud_viz;/target_detector;/target_map_projector;/target_memory;/target_refiner;/traj_server;/uav_arming_node;/vision_pose_tf;/visual_delivery_audit;/waypoint_generator,/rosout
/rosout_agg,rosgraph_msgs/Log,/rosout,
/save_map,std_msgs/Empty,,/freedom
/sdf_map/depth_cloud,sensor_msgs/PointCloud2,/fast_planner_node,
/sdf_map/esdf,sensor_msgs/PointCloud2,/fast_planner_node,
/sdf_map/occupancy,sensor_msgs/PointCloud2,/fast_planner_node,
/sdf_map/occupancy_inflate,sensor_msgs/PointCloud2,/fast_planner_node,
/sdf_map/unknown,sensor_msgs/PointCloud2,/fast_planner_node,
/sdf_map/update_range,visualization_msgs/Marker,/fast_planner_node,
/servo/complete,std_msgs/Bool,,/patrol_control
/tf,tf2_msgs/TFMessage,/gazebo;/laserMapping;/mavros;/vision_pose_tf,/freedom;/mavros;/target_map_projector
/tf_static,tf2_msgs/TFMessage,/downward_camera_extrinsic;/mavros,/freedom;/mavros;/target_map_projector
/traj_start_trigger,geometry_msgs/PoseStamped,,/waypoint_generator
/uav_mission/mock_raw_servo_calls,std_msgs/UInt8,/mock_raw_servo_server,/visual_delivery_audit
/uav_vision/align_mode,std_msgs/String,/patrol_control,/detection_fusion;/drop_aligner;/landing_detector;/navigation/planner_bridge;/navigation_vcl06_assertion;/release_permission_arbiter;/target_memory;/visual_delivery_audit
/uav_vision/alignment_target_context,uav_vision/AlignmentTargetContext,/navigation/planner_bridge,/drop_aligner
/uav_vision/circle_debug,sensor_msgs/Image,/circle_detector,
/uav_vision/cross_debug,sensor_msgs/Image,/cross_detector,
/uav_vision/debug_image,sensor_msgs/Image,/cross_detector;/landing_detector,
/uav_vision/detections,uav_vision/TargetDetectionArray,/circle_detector;/cross_detector;/landing_detector;/target_detector,/detection_fusion
/uav_vision/detections_mapped,uav_vision/TargetDetectionArray,/target_map_projector,/navigation_vcl06_assertion;/patrol_control;/target_memory
/uav_vision/detections_refined,uav_vision/TargetDetectionArray,/target_refiner,/target_map_projector
/uav_vision/detections_resolved,uav_vision/TargetDetectionArray,/detection_fusion,/target_refiner
/uav_vision/drop_offset,uav_vision/DropOffset,/drop_aligner,/patrol_control
/uav_vision/drop_ready,uav_vision/DropReady,/drop_aligner,/patrol_control
/uav_vision/perf,diagnostic_msgs/DiagnosticArray,/target_detector,
/uav_vision/release_evidence,uav_vision/ReleaseEvidence,/drop_aligner,/visual_delivery_audit
/uav_vision/release_evidence_context,uav_vision/ReleaseEvidenceContext,/drop_aligner,/navigation/planner_bridge;/release_permission_arbiter;/visual_delivery_audit
/uav_vision/selected_target,uav_vision/TargetCandidate,/target_memory,/drop_aligner;/navigation_vcl06_assertion;/visual_delivery_audit
/uav_vision/targets,uav_vision/TargetCandidateArray,/target_memory,/drop_aligner;/navigation/mission_manager;/navigation/planner_bridge
/waypoint_generator/waypoints,nav_msgs/Path,/waypoint_generator,
/waypoint_generator/waypoints_vis,geometry_msgs/PoseArray,/waypoint_generator,
