topic,start,end,gap
setpoint,51.481873750686646,52.57835364341736,1.096479892730713
cloud,21.379061937332153,21.94460368156433,0.5655417442321777
cloud,68.34959697723389,68.91680145263672,0.567204475402832
cloud,35.85309410095215,36.42788577079773,0.574791669845581
cloud,53.8742949962616,54.45910668373108,0.5848116874694824
cloud,28.857672452926636,29.459781408309937,0.6021089553833008
mission,38.971147537231445,39.385947942733765,0.41480040550231934
mission,125.17484450340271,126.36904501914978,1.1942005157470703
targets,82.83366799354553,83.16853594779968,0.3348679542541504
targets,38.887725830078125,39.38573098182678,0.4980051517486572
