stream,predicted_class,nearest_class,nearest_instance,n,median_nearest_distance_m,median_same_class_distance_m,suspected_confusion_n
hint_bbox,bridge,bridge,random_bridge,16,0.3084729858553261,0.3084729858553261,0
hint_bbox,panzer,panzer,random_panzer,3,0.4527966489151857,0.4527966489151857,0
hint_bbox,red_cross,red_cross,random_red_cross,9,0.27860139415165747,0.27860139415165747,0
hint_bbox,tent,pillbox,random_pillbox,7,2.8600443402767146,3.40541142753987,0
hint_bbox,tent,tent,random_tent,4,0.046828226083515626,0.046828226083515626,0
hint_vision,bridge,bridge,random_bridge,1,0.06409209562823419,0.06409209562823419,0
hint_vision,panzer,panzer,random_panzer,2,0.18258976023244833,0.18258976023244833,0
hint_vision,red_cross,red_cross,random_red_cross,29,0.24759406712619314,0.24759406712619314,0
hint_vision,tent,tent,random_tent,37,0.13729996929832794,0.13729996929832794,0
mapped,bridge,bridge,random_bridge,193,0.06746927552500089,0.06746927552500089,0
mapped,bridge,panzer,random_panzer,6,0.7238019523626358,0.7782169957742966,0
mapped,landing_pad,landing_pad,landing_h_clone,97,0.03826835876780317,0.03826835876780317,0
mapped,panzer,panzer,random_panzer,255,0.08652251462899513,0.08652251462899513,0
mapped,pillbox,pillbox,random_pillbox,22,0.09693946193299496,0.09693946193299496,0
mapped,red_cross,red_cross,random_red_cross,348,0.0915961296518989,0.0915961296518989,0
mapped,tent,tent,random_tent,102,0.14724851285859114,0.14724851285859114,0
selected,bridge,bridge,random_bridge,164,0.0659933275380067,0.0659933275380067,0
selected,panzer,panzer,random_panzer,236,0.1415185571937001,0.1415185571937001,0
selected,pillbox,pillbox,random_pillbox,20,0.08559844584667109,0.08559844584667109,0
selected,red_cross,red_cross,random_red_cross,293,0.1577660090536095,0.1577660090536095,0
selected,tent,tent,random_tent,93,0.1373700336189266,0.1373700336189266,0
targets,bridge,bridge,random_bridge,186,0.0664455779875392,0.0664455779875392,0
targets,landing_pad,landing_pad,landing_h_clone,95,0.045466475377293855,0.045466475377293855,0
targets,panzer,panzer,random_panzer,249,0.14146973309660882,0.14146973309660882,0
targets,pillbox,pillbox,random_pillbox,22,0.08554720628244375,0.08554720628244375,0
targets,red_cross,red_cross,random_red_cross,316,0.15646447832868526,0.15646447832868526,0
targets,tent,tent,random_tent,97,0.1373700336189266,0.1373700336189266,0
