t,kind,seq,target,slot,reason,success
0.02546858787536621,command,1,,0,coverage_start,
14.195135354995728,result,1,,0,motion_arrival_confirmed,
14.21867060661316,command,2,,0,coverage_waypoint,
14.228123664855957,result,2,,0,planner_goal_dispatched,
14.254016399383545,result,2,,0,planner_goal_accepted,
14.298470497131348,result,2,,0,planner_trajectory_ready,
18.457101345062256,result,2,,0,motion_arrival_confirmed,
18.481094121932983,command,3,,0,coverage_waypoint,
18.49210262298584,result,3,,0,planner_goal_dispatched,
18.494248390197754,result,3,,0,planner_goal_accepted,
18.578767776489258,result,3,,0,planner_trajectory_ready,
20.676284551620483,command,4,red_cross,1,high_weight_search_interrupt,
20.679914951324463,result,4,red_cross,1,planner_goal_dispatched,
20.686761617660522,result,4,red_cross,1,planner_goal_accepted,
20.695149183273315,result,4,red_cross,1,planner_trajectory_ready,
23.858643054962158,result,4,red_cross,1,approach_arrival_confirmed,
23.885849952697754,result,4,red_cross,1,patrol_control_alignment_accepted,
38.116177558898926,result,4,red_cross,1,strict_alignment_context_valid,
60.300562381744385,release,,red_cross,1,raw_actuator_ack,True
60.30777311325073,result,4,red_cross,1,release_ack_success,
62.30901336669922,result,4,red_cross,1,release_recovery_confirmed,
62.35401701927185,command,5,,0,resume_interrupted_waypoint,
62.35794162750244,result,5,,0,planner_goal_dispatched,
62.36518335342407,result,5,,0,planner_goal_accepted,
62.37268304824829,result,5,,0,planner_trajectory_ready,
66.11464881896973,command,6,panzer,2,high_weight_search_interrupt,
66.13240551948547,result,6,panzer,2,planner_goal_dispatched,
66.13567996025085,result,6,panzer,2,planner_goal_accepted,
66.14201927185059,result,6,panzer,2,planner_trajectory_ready,
69.23011350631714,result,6,panzer,2,approach_arrival_confirmed,
69.27563333511353,result,6,panzer,2,patrol_control_alignment_accepted,
91.20018672943115,result,6,panzer,2,strict_alignment_context_valid,
95.38626766204834,release,,panzer,2,raw_actuator_ack,True
95.39652442932129,result,6,panzer,2,release_ack_success,
97.44912314414978,result,6,panzer,2,release_recovery_confirmed,
97.4751923084259,command,7,,0,resume_interrupted_waypoint,
97.48494458198547,result,7,,0,planner_goal_dispatched,
97.48775696754456,result,7,,0,planner_goal_accepted,
97.49396538734436,result,7,,0,planner_trajectory_ready,
100.55644249916077,result,7,,0,motion_arrival_confirmed,
100.59919500350952,command,8,,0,coverage_waypoint,
100.61573386192322,result,8,,0,planner_goal_dispatched,
100.66943454742432,result,8,,0,planner_goal_accepted,
100.68284296989441,result,8,,0,planner_trajectory_ready,
105.2290210723877,result,8,,0,motion_arrival_confirmed,
105.24439287185669,command,9,,0,coverage_waypoint,
105.25945448875427,result,9,,0,planner_goal_dispatched,
105.26010704040527,result,9,,0,planner_goal_accepted,
105.35466623306274,result,9,,0,planner_trajectory_ready,
111.44268894195557,result,9,,0,motion_arrival_confirmed,
111.47495985031128,command,10,,0,coverage_waypoint,
111.49847459793091,result,10,,0,planner_goal_dispatched,
111.53255534172058,result,10,,0,planner_goal_accepted,
111.54325842857361,result,10,,0,planner_trajectory_ready,
116.68260860443115,result,10,,0,motion_arrival_confirmed,
116.72732043266296,command,11,,0,coverage_waypoint,
116.74716305732727,result,11,,0,planner_goal_dispatched,
116.8236951828003,result,11,,0,planner_goal_accepted,
116.87468099594116,result,11,,0,planner_trajectory_ready,
118.85329985618591,command,12,bridge,3,high_weight_search_interrupt,
118.86472225189209,result,12,bridge,3,planner_goal_dispatched,
118.943350315094,result,12,bridge,3,planner_goal_accepted,
118.9556610584259,result,12,bridge,3,planner_trajectory_ready,
121.41863632202148,result,12,bridge,3,approach_arrival_confirmed,
121.44647407531738,result,12,bridge,3,patrol_control_alignment_accepted,
127.83194637298584,result,12,bridge,3,strict_alignment_context_valid,
