seq,phase,target,start,end,seconds,local_z_p50,speed_xy_p50,speed_xy_p95
1,SEARCH,,0.02546858787536621,14.21867060661316,14.193202018737793,-0.03976021334528923,0.02387915852093142,0.18065171315987547
2,SEARCH,,14.21867060661316,18.481094121932983,4.262423515319824,1.4971044659614563,0.472860175475342,0.6348237623906663
3,SEARCH,,18.481094121932983,20.676284551620483,2.1951904296875,1.6146920919418335,0.5966943047317245,0.7127207063911343
4,APPROACH,red_cross,20.676284551620483,62.35401701927185,41.67773246765137,1.0367786884307861,0.04433387672627184,0.24632653293535595
5,RESUME,,62.35401701927185,66.11464881896973,3.760631799697876,1.383758544921875,0.5632735754348023,0.6936873894323488
6,APPROACH,panzer,66.11464881896973,97.4751923084259,31.360543489456177,1.0415565967559814,0.024709220892218886,0.3455266510173542
7,RESUME,,97.4751923084259,100.59919500350952,3.124002695083618,1.5091110467910767,0.2718772066105021,0.45469767518898857
8,SEARCH,,100.59919500350952,105.24439287185669,4.645197868347168,1.6392422914505005,0.5667048222526904,0.7319370804591515
9,SEARCH,,105.24439287185669,111.47495985031128,6.23056697845459,1.6394282579421997,0.6122045285790784,0.7106470122927898
10,SEARCH,,111.47495985031128,116.72732043266296,5.252360582351685,1.667973279953003,0.5506720789312445,0.651959363757734
11,SEARCH,,116.72732043266296,118.85329985618591,2.125979423522949,1.6320281624794006,0.4904741357720514,0.6421398605212222
12,APPROACH,bridge,118.85329985618591,129.61346125602722,10.760161399841309,1.0562175512313843,0.06230680060804638,0.435926616249852
