group,seed,slot,ack,identity,requested_class,actual_nearest_class,class_matches,source_stamp,receipt_minus_source_s,source_nearest_error_m,source_same_class_error_m,interpolation_status,bracket_gap_s,nearest_age_s,legacy_receipt_nearest_m
historical_snake3,38,1,True,"('legacy_run_local', 1, 1, 0, 'red_cross')",red_cross,red_cross,True,85.834,0.0,0.01861085933855583,0.01861085933855583,interpolated,0.10099999999999909,0.03300000000000125,0.019408999244545356
historical_snake3,38,2,True,"('legacy_run_local', 2, 2, 1, 'bridge')",bridge,bridge,True,104.617,0.0,0.07926968988581982,0.07926968988581982,interpolated,0.10099999999999909,0.04800000000000182,0.07725249777693738
historical_snake3,38,3,True,"('legacy_run_local', 3, 3, 7, 'panzer')",panzer,panzer,True,298.914,0.0,0.13972409369391608,0.13972409369391608,interpolated,0.10099999999999909,0.01599999999996271,0.13981976173220131
previous_capture,38,1,True,"['vcl06-random-11-630000000-1', 9, 1, 1, 1]",red_cross,red_cross,True,70.439,0.0030000000000001137,0.04703581929987849,0.04703581929987849,interpolated,0.10699999999999932,0.009999999999990905,0.04693339821264111
previous_capture,38,2,True,"['vcl06-random-11-630000000-1', 11, 1, 2, 2]",bridge,bridge,True,91.391,0.0,0.09771495662432834,0.09771495662432834,interpolated,0.10099999999999909,0.028000000000005798,0.09721909501036681
previous_capture,38,3,False,,,,,,,,,,,,
current,38,1,True,"('vcl06-random-11-824000000-1', 10, 1, 1, 1)",red_cross,red_cross,True,81.744,0.0,0.06285911260924441,0.06285911260924441,interpolated,0.10000000000000853,0.04800000000000182,0.06268582835013298
current,38,2,True,"('vcl06-random-11-824000000-1', 12, 1, 2, 2)",bridge,bridge,True,100.904,0.0,0.03596845064168542,0.03596845064168542,interpolated,0.10099999999999909,0.04600000000000648,0.036460336193564744
current,38,3,True,"('vcl06-random-11-824000000-1', 25, 1, 3, 3)",panzer,panzer,True,275.296,0.0,0.02401549969239341,0.02401549969239341,interpolated,0.10099999999999909,0.007000000000005002,0.024106418914312047
